--
-- PostgreSQL database dump
--

\restrict yJ6i3c0jAxyKQaEFnCYd4fAeqaribwElkgKLw7tLshUV1B4lIqytx5jTfpOrNER

-- Dumped from database version 15.17 (Debian 15.17-1.pgdg13+1)
-- Dumped by pg_dump version 15.17 (Debian 15.17-1.pgdg13+1)

SET statement_timeout = 0;
SET lock_timeout = 0;
SET idle_in_transaction_session_timeout = 0;
SET client_encoding = 'UTF8';
SET standard_conforming_strings = on;
SELECT pg_catalog.set_config('search_path', '', false);
SET check_function_bodies = false;
SET xmloption = content;
SET client_min_messages = warning;
SET row_security = off;

SET default_tablespace = '';

SET default_table_access_method = heap;

--
-- Name: auth_group; Type: TABLE; Schema: public; Owner: 2roots_user
--

CREATE TABLE public.auth_group (
    id integer NOT NULL,
    name character varying(150) NOT NULL
);


ALTER TABLE public.auth_group OWNER TO "2roots_user";

--
-- Name: auth_group_id_seq; Type: SEQUENCE; Schema: public; Owner: 2roots_user
--

ALTER TABLE public.auth_group ALTER COLUMN id ADD GENERATED BY DEFAULT AS IDENTITY (
    SEQUENCE NAME public.auth_group_id_seq
    START WITH 1
    INCREMENT BY 1
    NO MINVALUE
    NO MAXVALUE
    CACHE 1
);


--
-- Name: auth_group_permissions; Type: TABLE; Schema: public; Owner: 2roots_user
--

CREATE TABLE public.auth_group_permissions (
    id bigint NOT NULL,
    group_id integer NOT NULL,
    permission_id integer NOT NULL
);


ALTER TABLE public.auth_group_permissions OWNER TO "2roots_user";

--
-- Name: auth_group_permissions_id_seq; Type: SEQUENCE; Schema: public; Owner: 2roots_user
--

ALTER TABLE public.auth_group_permissions ALTER COLUMN id ADD GENERATED BY DEFAULT AS IDENTITY (
    SEQUENCE NAME public.auth_group_permissions_id_seq
    START WITH 1
    INCREMENT BY 1
    NO MINVALUE
    NO MAXVALUE
    CACHE 1
);


--
-- Name: auth_permission; Type: TABLE; Schema: public; Owner: 2roots_user
--

CREATE TABLE public.auth_permission (
    id integer NOT NULL,
    name character varying(255) NOT NULL,
    content_type_id integer NOT NULL,
    codename character varying(100) NOT NULL
);


ALTER TABLE public.auth_permission OWNER TO "2roots_user";

--
-- Name: auth_permission_id_seq; Type: SEQUENCE; Schema: public; Owner: 2roots_user
--

ALTER TABLE public.auth_permission ALTER COLUMN id ADD GENERATED BY DEFAULT AS IDENTITY (
    SEQUENCE NAME public.auth_permission_id_seq
    START WITH 1
    INCREMENT BY 1
    NO MINVALUE
    NO MAXVALUE
    CACHE 1
);


--
-- Name: cart_cart; Type: TABLE; Schema: public; Owner: 2roots_user
--

CREATE TABLE public.cart_cart (
    id bigint NOT NULL,
    session_key character varying(100),
    created_at timestamp with time zone NOT NULL,
    updated_at timestamp with time zone NOT NULL,
    user_id bigint,
    CONSTRAINT cart_must_have_user_or_session CHECK (((user_id IS NOT NULL) OR (session_key IS NOT NULL)))
);


ALTER TABLE public.cart_cart OWNER TO "2roots_user";

--
-- Name: cart_cart_id_seq; Type: SEQUENCE; Schema: public; Owner: 2roots_user
--

ALTER TABLE public.cart_cart ALTER COLUMN id ADD GENERATED BY DEFAULT AS IDENTITY (
    SEQUENCE NAME public.cart_cart_id_seq
    START WITH 1
    INCREMENT BY 1
    NO MINVALUE
    NO MAXVALUE
    CACHE 1
);


--
-- Name: cart_cartitem; Type: TABLE; Schema: public; Owner: 2roots_user
--

CREATE TABLE public.cart_cartitem (
    id bigint NOT NULL,
    quantity integer NOT NULL,
    added_at timestamp with time zone NOT NULL,
    cart_id bigint NOT NULL,
    variant_id bigint NOT NULL,
    CONSTRAINT cart_cartitem_quantity_check CHECK ((quantity >= 0))
);


ALTER TABLE public.cart_cartitem OWNER TO "2roots_user";

--
-- Name: cart_cartitem_id_seq; Type: SEQUENCE; Schema: public; Owner: 2roots_user
--

ALTER TABLE public.cart_cartitem ALTER COLUMN id ADD GENERATED BY DEFAULT AS IDENTITY (
    SEQUENCE NAME public.cart_cartitem_id_seq
    START WITH 1
    INCREMENT BY 1
    NO MINVALUE
    NO MAXVALUE
    CACHE 1
);


--
-- Name: django_admin_log; Type: TABLE; Schema: public; Owner: 2roots_user
--

CREATE TABLE public.django_admin_log (
    id integer NOT NULL,
    action_time timestamp with time zone NOT NULL,
    object_id text,
    object_repr character varying(200) NOT NULL,
    action_flag smallint NOT NULL,
    change_message text NOT NULL,
    content_type_id integer,
    user_id bigint NOT NULL,
    CONSTRAINT django_admin_log_action_flag_check CHECK ((action_flag >= 0))
);


ALTER TABLE public.django_admin_log OWNER TO "2roots_user";

--
-- Name: django_admin_log_id_seq; Type: SEQUENCE; Schema: public; Owner: 2roots_user
--

ALTER TABLE public.django_admin_log ALTER COLUMN id ADD GENERATED BY DEFAULT AS IDENTITY (
    SEQUENCE NAME public.django_admin_log_id_seq
    START WITH 1
    INCREMENT BY 1
    NO MINVALUE
    NO MAXVALUE
    CACHE 1
);


--
-- Name: django_content_type; Type: TABLE; Schema: public; Owner: 2roots_user
--

CREATE TABLE public.django_content_type (
    id integer NOT NULL,
    app_label character varying(100) NOT NULL,
    model character varying(100) NOT NULL
);


ALTER TABLE public.django_content_type OWNER TO "2roots_user";

--
-- Name: django_content_type_id_seq; Type: SEQUENCE; Schema: public; Owner: 2roots_user
--

ALTER TABLE public.django_content_type ALTER COLUMN id ADD GENERATED BY DEFAULT AS IDENTITY (
    SEQUENCE NAME public.django_content_type_id_seq
    START WITH 1
    INCREMENT BY 1
    NO MINVALUE
    NO MAXVALUE
    CACHE 1
);


--
-- Name: django_migrations; Type: TABLE; Schema: public; Owner: 2roots_user
--

CREATE TABLE public.django_migrations (
    id bigint NOT NULL,
    app character varying(255) NOT NULL,
    name character varying(255) NOT NULL,
    applied timestamp with time zone NOT NULL
);


ALTER TABLE public.django_migrations OWNER TO "2roots_user";

--
-- Name: django_migrations_id_seq; Type: SEQUENCE; Schema: public; Owner: 2roots_user
--

ALTER TABLE public.django_migrations ALTER COLUMN id ADD GENERATED BY DEFAULT AS IDENTITY (
    SEQUENCE NAME public.django_migrations_id_seq
    START WITH 1
    INCREMENT BY 1
    NO MINVALUE
    NO MAXVALUE
    CACHE 1
);


--
-- Name: django_session; Type: TABLE; Schema: public; Owner: 2roots_user
--

CREATE TABLE public.django_session (
    session_key character varying(40) NOT NULL,
    session_data text NOT NULL,
    expire_date timestamp with time zone NOT NULL
);


ALTER TABLE public.django_session OWNER TO "2roots_user";

--
-- Name: invoices_invoice; Type: TABLE; Schema: public; Owner: 2roots_user
--

CREATE TABLE public.invoices_invoice (
    id bigint NOT NULL,
    invoice_number character varying(50) NOT NULL,
    status character varying(20) NOT NULL,
    customer_name character varying(200) NOT NULL,
    customer_phone character varying(20) NOT NULL,
    customer_address text NOT NULL,
    customer_email character varying(254) NOT NULL,
    subtotal numeric(10,2) NOT NULL,
    discount numeric(10,2) NOT NULL,
    tax numeric(10,2) NOT NULL,
    total numeric(10,2) NOT NULL,
    notes text NOT NULL,
    issued_at timestamp with time zone,
    created_at timestamp with time zone NOT NULL,
    updated_at timestamp with time zone NOT NULL,
    order_id bigint NOT NULL,
    shipping numeric(10,2) NOT NULL
);


ALTER TABLE public.invoices_invoice OWNER TO "2roots_user";

--
-- Name: invoices_invoice_id_seq; Type: SEQUENCE; Schema: public; Owner: 2roots_user
--

ALTER TABLE public.invoices_invoice ALTER COLUMN id ADD GENERATED BY DEFAULT AS IDENTITY (
    SEQUENCE NAME public.invoices_invoice_id_seq
    START WITH 1
    INCREMENT BY 1
    NO MINVALUE
    NO MAXVALUE
    CACHE 1
);


--
-- Name: invoices_invoiceitem; Type: TABLE; Schema: public; Owner: 2roots_user
--

CREATE TABLE public.invoices_invoiceitem (
    id bigint NOT NULL,
    product_name character varying(200) NOT NULL,
    variant_name character varying(100) NOT NULL,
    unit_price numeric(10,2) NOT NULL,
    quantity integer NOT NULL,
    invoice_id bigint NOT NULL,
    CONSTRAINT invoices_invoiceitem_quantity_check CHECK ((quantity >= 0))
);


ALTER TABLE public.invoices_invoiceitem OWNER TO "2roots_user";

--
-- Name: invoices_invoiceitem_id_seq; Type: SEQUENCE; Schema: public; Owner: 2roots_user
--

ALTER TABLE public.invoices_invoiceitem ALTER COLUMN id ADD GENERATED BY DEFAULT AS IDENTITY (
    SEQUENCE NAME public.invoices_invoiceitem_id_seq
    START WITH 1
    INCREMENT BY 1
    NO MINVALUE
    NO MAXVALUE
    CACHE 1
);


--
-- Name: marketers_marketer; Type: TABLE; Schema: public; Owner: 2roots_user
--

CREATE TABLE public.marketers_marketer (
    id bigint NOT NULL,
    referral_code character varying(20) NOT NULL,
    status character varying(20) NOT NULL,
    role character varying(20) NOT NULL,
    cycle_anchor_date date NOT NULL,
    current_cycle_number integer NOT NULL,
    monthly_completed_orders_count integer NOT NULL,
    monthly_profit_balance numeric(12,2) NOT NULL,
    lifetime_total_orders integer NOT NULL,
    lifetime_total_profit numeric(14,2) NOT NULL,
    created_at timestamp with time zone NOT NULL,
    promoted_to_leader_at timestamp with time zone,
    user_id bigint NOT NULL,
    team_leader_id bigint,
    credited_team_leader_id bigint,
    CONSTRAINT marketers_marketer_current_cycle_number_check CHECK ((current_cycle_number >= 0)),
    CONSTRAINT marketers_marketer_lifetime_total_orders_check CHECK ((lifetime_total_orders >= 0)),
    CONSTRAINT marketers_marketer_monthly_completed_orders_count_check CHECK ((monthly_completed_orders_count >= 0))
);


ALTER TABLE public.marketers_marketer OWNER TO "2roots_user";

--
-- Name: marketers_marketer_id_seq; Type: SEQUENCE; Schema: public; Owner: 2roots_user
--

ALTER TABLE public.marketers_marketer ALTER COLUMN id ADD GENERATED BY DEFAULT AS IDENTITY (
    SEQUENCE NAME public.marketers_marketer_id_seq
    START WITH 1
    INCREMENT BY 1
    NO MINVALUE
    NO MAXVALUE
    CACHE 1
);


--
-- Name: marketers_marketerorder; Type: TABLE; Schema: public; Owner: 2roots_user
--

CREATE TABLE public.marketers_marketerorder (
    id bigint NOT NULL,
    quantity integer NOT NULL,
    sale_price_per_unit numeric(10,2) NOT NULL,
    assigned_price_per_unit numeric(10,2) NOT NULL,
    profit_amount numeric(10,2) NOT NULL,
    customer_name character varying(200) NOT NULL,
    customer_phone character varying(30) NOT NULL,
    status character varying(20) NOT NULL,
    is_counted boolean NOT NULL,
    counted_in_cycle_number integer,
    created_at timestamp with time zone NOT NULL,
    confirmed_at timestamp with time zone,
    marketer_id bigint NOT NULL,
    product_id bigint,
    counted_towards_leader_id bigint,
    variant_id bigint,
    CONSTRAINT marketers_marketerorder_quantity_check CHECK ((quantity >= 0))
);


ALTER TABLE public.marketers_marketerorder OWNER TO "2roots_user";

--
-- Name: marketers_marketerorder_id_seq; Type: SEQUENCE; Schema: public; Owner: 2roots_user
--

ALTER TABLE public.marketers_marketerorder ALTER COLUMN id ADD GENERATED BY DEFAULT AS IDENTITY (
    SEQUENCE NAME public.marketers_marketerorder_id_seq
    START WITH 1
    INCREMENT BY 1
    NO MINVALUE
    NO MAXVALUE
    CACHE 1
);


--
-- Name: marketers_marketerproductprice; Type: TABLE; Schema: public; Owner: 2roots_user
--

CREATE TABLE public.marketers_marketerproductprice (
    id bigint NOT NULL,
    assigned_price numeric(10,2) NOT NULL,
    updated_at timestamp with time zone NOT NULL,
    marketer_id bigint NOT NULL,
    product_id bigint NOT NULL
);


ALTER TABLE public.marketers_marketerproductprice OWNER TO "2roots_user";

--
-- Name: marketers_marketerproductprice_id_seq; Type: SEQUENCE; Schema: public; Owner: 2roots_user
--

ALTER TABLE public.marketers_marketerproductprice ALTER COLUMN id ADD GENERATED BY DEFAULT AS IDENTITY (
    SEQUENCE NAME public.marketers_marketerproductprice_id_seq
    START WITH 1
    INCREMENT BY 1
    NO MINVALUE
    NO MAXVALUE
    CACHE 1
);


--
-- Name: marketers_rewardtier; Type: TABLE; Schema: public; Owner: 2roots_user
--

CREATE TABLE public.marketers_rewardtier (
    id bigint NOT NULL,
    min_team_sales integer NOT NULL,
    reward_amount numeric(10,2) NOT NULL,
    is_active boolean NOT NULL,
    CONSTRAINT marketers_rewardtier_min_team_sales_check CHECK ((min_team_sales >= 0))
);


ALTER TABLE public.marketers_rewardtier OWNER TO "2roots_user";

--
-- Name: marketers_rewardtier_id_seq; Type: SEQUENCE; Schema: public; Owner: 2roots_user
--

ALTER TABLE public.marketers_rewardtier ALTER COLUMN id ADD GENERATED BY DEFAULT AS IDENTITY (
    SEQUENCE NAME public.marketers_rewardtier_id_seq
    START WITH 1
    INCREMENT BY 1
    NO MINVALUE
    NO MAXVALUE
    CACHE 1
);


--
-- Name: marketers_teamleaderrequest; Type: TABLE; Schema: public; Owner: 2roots_user
--

CREATE TABLE public.marketers_teamleaderrequest (
    id bigint NOT NULL,
    status character varying(40) NOT NULL,
    triggered_at timestamp with time zone NOT NULL,
    responded_at timestamp with time zone,
    marketer_id bigint NOT NULL
);


ALTER TABLE public.marketers_teamleaderrequest OWNER TO "2roots_user";

--
-- Name: marketers_teamleaderrequest_id_seq; Type: SEQUENCE; Schema: public; Owner: 2roots_user
--

ALTER TABLE public.marketers_teamleaderrequest ALTER COLUMN id ADD GENERATED BY DEFAULT AS IDENTITY (
    SEQUENCE NAME public.marketers_teamleaderrequest_id_seq
    START WITH 1
    INCREMENT BY 1
    NO MINVALUE
    NO MAXVALUE
    CACHE 1
);


--
-- Name: marketers_teamleaderrequestmember; Type: TABLE; Schema: public; Owner: 2roots_user
--

CREATE TABLE public.marketers_teamleaderrequestmember (
    id bigint NOT NULL,
    request_id bigint NOT NULL,
    marketer_id bigint NOT NULL
);


ALTER TABLE public.marketers_teamleaderrequestmember OWNER TO "2roots_user";

--
-- Name: marketers_teamleaderrequestmember_id_seq; Type: SEQUENCE; Schema: public; Owner: 2roots_user
--

ALTER TABLE public.marketers_teamleaderrequestmember ALTER COLUMN id ADD GENERATED BY DEFAULT AS IDENTITY (
    SEQUENCE NAME public.marketers_teamleaderrequestmember_id_seq
    START WITH 1
    INCREMENT BY 1
    NO MINVALUE
    NO MAXVALUE
    CACHE 1
);


--
-- Name: marketers_teamreward; Type: TABLE; Schema: public; Owner: 2roots_user
--

CREATE TABLE public.marketers_teamreward (
    id bigint NOT NULL,
    cycle_number integer NOT NULL,
    team_sales_count_at_award integer NOT NULL,
    reward_amount numeric(10,2) NOT NULL,
    status character varying(20) NOT NULL,
    created_at timestamp with time zone NOT NULL,
    marketer_id bigint NOT NULL,
    tier_id bigint,
    CONSTRAINT marketers_teamreward_cycle_number_check CHECK ((cycle_number >= 0)),
    CONSTRAINT marketers_teamreward_team_sales_count_at_award_check CHECK ((team_sales_count_at_award >= 0))
);


ALTER TABLE public.marketers_teamreward OWNER TO "2roots_user";

--
-- Name: marketers_teamreward_id_seq; Type: SEQUENCE; Schema: public; Owner: 2roots_user
--

ALTER TABLE public.marketers_teamreward ALTER COLUMN id ADD GENERATED BY DEFAULT AS IDENTITY (
    SEQUENCE NAME public.marketers_teamreward_id_seq
    START WITH 1
    INCREMENT BY 1
    NO MINVALUE
    NO MAXVALUE
    CACHE 1
);


--
-- Name: marketers_withdrawalrequest; Type: TABLE; Schema: public; Owner: 2roots_user
--

CREATE TABLE public.marketers_withdrawalrequest (
    id bigint NOT NULL,
    amount numeric(10,2) NOT NULL,
    status character varying(20) NOT NULL,
    cycle_number integer NOT NULL,
    created_at timestamp with time zone NOT NULL,
    resolved_at timestamp with time zone,
    marketer_id bigint NOT NULL,
    is_forced_settlement boolean NOT NULL,
    CONSTRAINT marketers_withdrawalrequest_cycle_number_check CHECK ((cycle_number >= 0))
);


ALTER TABLE public.marketers_withdrawalrequest OWNER TO "2roots_user";

--
-- Name: marketers_withdrawalrequest_id_seq; Type: SEQUENCE; Schema: public; Owner: 2roots_user
--

ALTER TABLE public.marketers_withdrawalrequest ALTER COLUMN id ADD GENERATED BY DEFAULT AS IDENTITY (
    SEQUENCE NAME public.marketers_withdrawalrequest_id_seq
    START WITH 1
    INCREMENT BY 1
    NO MINVALUE
    NO MAXVALUE
    CACHE 1
);


--
-- Name: orders_order; Type: TABLE; Schema: public; Owner: 2roots_user
--

CREATE TABLE public.orders_order (
    id bigint NOT NULL,
    shipping_name character varying(200) NOT NULL,
    shipping_phone character varying(20) NOT NULL,
    shipping_address text NOT NULL,
    status character varying(20) NOT NULL,
    notes text NOT NULL,
    total numeric(10,2) NOT NULL,
    created_at timestamp with time zone NOT NULL,
    updated_at timestamp with time zone NOT NULL,
    customer_id bigint,
    shipping_fee numeric(10,2) NOT NULL,
    shipping_region character varying(120) NOT NULL,
    shipping_email character varying(254) NOT NULL,
    customer_account_id bigint
);


ALTER TABLE public.orders_order OWNER TO "2roots_user";

--
-- Name: orders_order_id_seq; Type: SEQUENCE; Schema: public; Owner: 2roots_user
--

ALTER TABLE public.orders_order ALTER COLUMN id ADD GENERATED BY DEFAULT AS IDENTITY (
    SEQUENCE NAME public.orders_order_id_seq
    START WITH 1
    INCREMENT BY 1
    NO MINVALUE
    NO MAXVALUE
    CACHE 1
);


--
-- Name: orders_orderitem; Type: TABLE; Schema: public; Owner: 2roots_user
--

CREATE TABLE public.orders_orderitem (
    id bigint NOT NULL,
    product_name character varying(200) NOT NULL,
    variant_name character varying(100) NOT NULL,
    price_at_order numeric(10,2) NOT NULL,
    quantity integer NOT NULL,
    order_id bigint NOT NULL,
    variant_id bigint,
    CONSTRAINT orders_orderitem_quantity_check CHECK ((quantity >= 0))
);


ALTER TABLE public.orders_orderitem OWNER TO "2roots_user";

--
-- Name: orders_orderitem_id_seq; Type: SEQUENCE; Schema: public; Owner: 2roots_user
--

ALTER TABLE public.orders_orderitem ALTER COLUMN id ADD GENERATED BY DEFAULT AS IDENTITY (
    SEQUENCE NAME public.orders_orderitem_id_seq
    START WITH 1
    INCREMENT BY 1
    NO MINVALUE
    NO MAXVALUE
    CACHE 1
);


--
-- Name: orders_orderstatushistory; Type: TABLE; Schema: public; Owner: 2roots_user
--

CREATE TABLE public.orders_orderstatushistory (
    id bigint NOT NULL,
    old_status character varying(20) NOT NULL,
    new_status character varying(20) NOT NULL,
    note text NOT NULL,
    changed_at timestamp with time zone NOT NULL,
    changed_by_id bigint,
    order_id bigint NOT NULL
);


ALTER TABLE public.orders_orderstatushistory OWNER TO "2roots_user";

--
-- Name: orders_orderstatushistory_id_seq; Type: SEQUENCE; Schema: public; Owner: 2roots_user
--

ALTER TABLE public.orders_orderstatushistory ALTER COLUMN id ADD GENERATED BY DEFAULT AS IDENTITY (
    SEQUENCE NAME public.orders_orderstatushistory_id_seq
    START WITH 1
    INCREMENT BY 1
    NO MINVALUE
    NO MAXVALUE
    CACHE 1
);


--
-- Name: orders_shippingregion; Type: TABLE; Schema: public; Owner: 2roots_user
--

CREATE TABLE public.orders_shippingregion (
    id bigint NOT NULL,
    name character varying(120) NOT NULL,
    price numeric(10,2) NOT NULL,
    created_at timestamp with time zone NOT NULL,
    updated_at timestamp with time zone NOT NULL
);


ALTER TABLE public.orders_shippingregion OWNER TO "2roots_user";

--
-- Name: orders_shippingregion_id_seq; Type: SEQUENCE; Schema: public; Owner: 2roots_user
--

ALTER TABLE public.orders_shippingregion ALTER COLUMN id ADD GENERATED BY DEFAULT AS IDENTITY (
    SEQUENCE NAME public.orders_shippingregion_id_seq
    START WITH 1
    INCREMENT BY 1
    NO MINVALUE
    NO MAXVALUE
    CACHE 1
);


--
-- Name: products_category; Type: TABLE; Schema: public; Owner: 2roots_user
--

CREATE TABLE public.products_category (
    id bigint NOT NULL,
    name character varying(100) NOT NULL,
    slug character varying(50) NOT NULL,
    description text NOT NULL,
    image character varying(100),
    is_active boolean NOT NULL,
    created_at timestamp with time zone NOT NULL,
    parent_id bigint
);


ALTER TABLE public.products_category OWNER TO "2roots_user";

--
-- Name: products_category_id_seq; Type: SEQUENCE; Schema: public; Owner: 2roots_user
--

ALTER TABLE public.products_category ALTER COLUMN id ADD GENERATED BY DEFAULT AS IDENTITY (
    SEQUENCE NAME public.products_category_id_seq
    START WITH 1
    INCREMENT BY 1
    NO MINVALUE
    NO MAXVALUE
    CACHE 1
);


--
-- Name: products_product; Type: TABLE; Schema: public; Owner: 2roots_user
--

CREATE TABLE public.products_product (
    id bigint NOT NULL,
    name character varying(200) NOT NULL,
    slug character varying(50) NOT NULL,
    description text NOT NULL,
    base_price numeric(10,2) NOT NULL,
    is_active boolean NOT NULL,
    is_featured boolean NOT NULL,
    created_at timestamp with time zone NOT NULL,
    updated_at timestamp with time zone NOT NULL,
    category_id bigint,
    has_variants boolean NOT NULL,
    stock_status character varying(20) NOT NULL,
    discount_type character varying(20),
    discount_value numeric(10,2),
    discount_start timestamp with time zone,
    discount_end timestamp with time zone,
    discount_active boolean NOT NULL
);


ALTER TABLE public.products_product OWNER TO "2roots_user";

--
-- Name: products_product_id_seq; Type: SEQUENCE; Schema: public; Owner: 2roots_user
--

ALTER TABLE public.products_product ALTER COLUMN id ADD GENERATED BY DEFAULT AS IDENTITY (
    SEQUENCE NAME public.products_product_id_seq
    START WITH 1
    INCREMENT BY 1
    NO MINVALUE
    NO MAXVALUE
    CACHE 1
);


--
-- Name: products_productcolor; Type: TABLE; Schema: public; Owner: 2roots_user
--

CREATE TABLE public.products_productcolor (
    id bigint NOT NULL,
    name character varying(80) NOT NULL,
    hex_code character varying(7)
);


ALTER TABLE public.products_productcolor OWNER TO "2roots_user";

--
-- Name: products_productcolor_id_seq; Type: SEQUENCE; Schema: public; Owner: 2roots_user
--

ALTER TABLE public.products_productcolor ALTER COLUMN id ADD GENERATED BY DEFAULT AS IDENTITY (
    SEQUENCE NAME public.products_productcolor_id_seq
    START WITH 1
    INCREMENT BY 1
    NO MINVALUE
    NO MAXVALUE
    CACHE 1
);


--
-- Name: products_productimage; Type: TABLE; Schema: public; Owner: 2roots_user
--

CREATE TABLE public.products_productimage (
    id bigint NOT NULL,
    image character varying(100) NOT NULL,
    alt_text character varying(200) NOT NULL,
    is_primary boolean NOT NULL,
    "order" integer NOT NULL,
    product_id bigint NOT NULL,
    CONSTRAINT products_productimage_order_check CHECK (("order" >= 0))
);


ALTER TABLE public.products_productimage OWNER TO "2roots_user";

--
-- Name: products_productimage_id_seq; Type: SEQUENCE; Schema: public; Owner: 2roots_user
--

ALTER TABLE public.products_productimage ALTER COLUMN id ADD GENERATED BY DEFAULT AS IDENTITY (
    SEQUENCE NAME public.products_productimage_id_seq
    START WITH 1
    INCREMENT BY 1
    NO MINVALUE
    NO MAXVALUE
    CACHE 1
);


--
-- Name: products_productsize; Type: TABLE; Schema: public; Owner: 2roots_user
--

CREATE TABLE public.products_productsize (
    id bigint NOT NULL,
    name character varying(80) NOT NULL
);


ALTER TABLE public.products_productsize OWNER TO "2roots_user";

--
-- Name: products_productsize_id_seq; Type: SEQUENCE; Schema: public; Owner: 2roots_user
--

ALTER TABLE public.products_productsize ALTER COLUMN id ADD GENERATED BY DEFAULT AS IDENTITY (
    SEQUENCE NAME public.products_productsize_id_seq
    START WITH 1
    INCREMENT BY 1
    NO MINVALUE
    NO MAXVALUE
    CACHE 1
);


--
-- Name: products_productvariant; Type: TABLE; Schema: public; Owner: 2roots_user
--

CREATE TABLE public.products_productvariant (
    id bigint NOT NULL,
    name character varying(100) NOT NULL,
    sku character varying(100),
    price_override numeric(10,2),
    is_active boolean NOT NULL,
    created_at timestamp with time zone NOT NULL,
    product_id bigint NOT NULL,
    color_id bigint,
    size_id bigint
);


ALTER TABLE public.products_productvariant OWNER TO "2roots_user";

--
-- Name: products_productvariant_id_seq; Type: SEQUENCE; Schema: public; Owner: 2roots_user
--

ALTER TABLE public.products_productvariant ALTER COLUMN id ADD GENERATED BY DEFAULT AS IDENTITY (
    SEQUENCE NAME public.products_productvariant_id_seq
    START WITH 1
    INCREMENT BY 1
    NO MINVALUE
    NO MAXVALUE
    CACHE 1
);


--
-- Name: products_stock; Type: TABLE; Schema: public; Owner: 2roots_user
--

CREATE TABLE public.products_stock (
    id bigint NOT NULL,
    quantity integer NOT NULL,
    low_stock_threshold integer NOT NULL,
    updated_at timestamp with time zone NOT NULL,
    variant_id bigint NOT NULL,
    CONSTRAINT products_stock_low_stock_threshold_check CHECK ((low_stock_threshold >= 0)),
    CONSTRAINT products_stock_quantity_check CHECK ((quantity >= 0))
);


ALTER TABLE public.products_stock OWNER TO "2roots_user";

--
-- Name: products_stock_id_seq; Type: SEQUENCE; Schema: public; Owner: 2roots_user
--

ALTER TABLE public.products_stock ALTER COLUMN id ADD GENERATED BY DEFAULT AS IDENTITY (
    SEQUENCE NAME public.products_stock_id_seq
    START WITH 1
    INCREMENT BY 1
    NO MINVALUE
    NO MAXVALUE
    CACHE 1
);


--
-- Name: token_blacklist_blacklistedtoken; Type: TABLE; Schema: public; Owner: 2roots_user
--

CREATE TABLE public.token_blacklist_blacklistedtoken (
    id bigint NOT NULL,
    blacklisted_at timestamp with time zone NOT NULL,
    token_id bigint NOT NULL
);


ALTER TABLE public.token_blacklist_blacklistedtoken OWNER TO "2roots_user";

--
-- Name: token_blacklist_blacklistedtoken_id_seq; Type: SEQUENCE; Schema: public; Owner: 2roots_user
--

ALTER TABLE public.token_blacklist_blacklistedtoken ALTER COLUMN id ADD GENERATED BY DEFAULT AS IDENTITY (
    SEQUENCE NAME public.token_blacklist_blacklistedtoken_id_seq
    START WITH 1
    INCREMENT BY 1
    NO MINVALUE
    NO MAXVALUE
    CACHE 1
);


--
-- Name: token_blacklist_outstandingtoken; Type: TABLE; Schema: public; Owner: 2roots_user
--

CREATE TABLE public.token_blacklist_outstandingtoken (
    id bigint NOT NULL,
    token text NOT NULL,
    created_at timestamp with time zone,
    expires_at timestamp with time zone NOT NULL,
    user_id bigint,
    jti character varying(255) NOT NULL
);


ALTER TABLE public.token_blacklist_outstandingtoken OWNER TO "2roots_user";

--
-- Name: token_blacklist_outstandingtoken_id_seq; Type: SEQUENCE; Schema: public; Owner: 2roots_user
--

ALTER TABLE public.token_blacklist_outstandingtoken ALTER COLUMN id ADD GENERATED BY DEFAULT AS IDENTITY (
    SEQUENCE NAME public.token_blacklist_outstandingtoken_id_seq
    START WITH 1
    INCREMENT BY 1
    NO MINVALUE
    NO MAXVALUE
    CACHE 1
);


--
-- Name: users_customeraccount; Type: TABLE; Schema: public; Owner: 2roots_user
--

CREATE TABLE public.users_customeraccount (
    id bigint NOT NULL,
    name character varying(200) NOT NULL,
    email character varying(254) NOT NULL,
    phone character varying(20) NOT NULL,
    address text NOT NULL,
    created_at timestamp with time zone NOT NULL,
    updated_at timestamp with time zone NOT NULL
);


ALTER TABLE public.users_customeraccount OWNER TO "2roots_user";

--
-- Name: users_customeraccount_id_seq; Type: SEQUENCE; Schema: public; Owner: 2roots_user
--

ALTER TABLE public.users_customeraccount ALTER COLUMN id ADD GENERATED BY DEFAULT AS IDENTITY (
    SEQUENCE NAME public.users_customeraccount_id_seq
    START WITH 1
    INCREMENT BY 1
    NO MINVALUE
    NO MAXVALUE
    CACHE 1
);


--
-- Name: users_customerprofile; Type: TABLE; Schema: public; Owner: 2roots_user
--

CREATE TABLE public.users_customerprofile (
    id bigint NOT NULL,
    date_of_birth date,
    profile_picture character varying(100),
    notes text NOT NULL,
    created_at timestamp with time zone NOT NULL,
    updated_at timestamp with time zone NOT NULL,
    user_id bigint NOT NULL
);


ALTER TABLE public.users_customerprofile OWNER TO "2roots_user";

--
-- Name: users_customerprofile_id_seq; Type: SEQUENCE; Schema: public; Owner: 2roots_user
--

ALTER TABLE public.users_customerprofile ALTER COLUMN id ADD GENERATED BY DEFAULT AS IDENTITY (
    SEQUENCE NAME public.users_customerprofile_id_seq
    START WITH 1
    INCREMENT BY 1
    NO MINVALUE
    NO MAXVALUE
    CACHE 1
);


--
-- Name: users_user; Type: TABLE; Schema: public; Owner: 2roots_user
--

CREATE TABLE public.users_user (
    id bigint NOT NULL,
    password character varying(128) NOT NULL,
    last_login timestamp with time zone,
    is_superuser boolean NOT NULL,
    username character varying(150) NOT NULL,
    first_name character varying(150) NOT NULL,
    last_name character varying(150) NOT NULL,
    is_staff boolean NOT NULL,
    is_active boolean NOT NULL,
    date_joined timestamp with time zone NOT NULL,
    email character varying(254) NOT NULL,
    role character varying(20) NOT NULL,
    phone character varying(20) NOT NULL,
    address text NOT NULL,
    created_at timestamp with time zone NOT NULL
);


ALTER TABLE public.users_user OWNER TO "2roots_user";

--
-- Name: users_user_groups; Type: TABLE; Schema: public; Owner: 2roots_user
--

CREATE TABLE public.users_user_groups (
    id bigint NOT NULL,
    user_id bigint NOT NULL,
    group_id integer NOT NULL
);


ALTER TABLE public.users_user_groups OWNER TO "2roots_user";

--
-- Name: users_user_groups_id_seq; Type: SEQUENCE; Schema: public; Owner: 2roots_user
--

ALTER TABLE public.users_user_groups ALTER COLUMN id ADD GENERATED BY DEFAULT AS IDENTITY (
    SEQUENCE NAME public.users_user_groups_id_seq
    START WITH 1
    INCREMENT BY 1
    NO MINVALUE
    NO MAXVALUE
    CACHE 1
);


--
-- Name: users_user_id_seq; Type: SEQUENCE; Schema: public; Owner: 2roots_user
--

ALTER TABLE public.users_user ALTER COLUMN id ADD GENERATED BY DEFAULT AS IDENTITY (
    SEQUENCE NAME public.users_user_id_seq
    START WITH 1
    INCREMENT BY 1
    NO MINVALUE
    NO MAXVALUE
    CACHE 1
);


--
-- Name: users_user_user_permissions; Type: TABLE; Schema: public; Owner: 2roots_user
--

CREATE TABLE public.users_user_user_permissions (
    id bigint NOT NULL,
    user_id bigint NOT NULL,
    permission_id integer NOT NULL
);


ALTER TABLE public.users_user_user_permissions OWNER TO "2roots_user";

--
-- Name: users_user_user_permissions_id_seq; Type: SEQUENCE; Schema: public; Owner: 2roots_user
--

ALTER TABLE public.users_user_user_permissions ALTER COLUMN id ADD GENERATED BY DEFAULT AS IDENTITY (
    SEQUENCE NAME public.users_user_user_permissions_id_seq
    START WITH 1
    INCREMENT BY 1
    NO MINVALUE
    NO MAXVALUE
    CACHE 1
);


--
-- Data for Name: auth_group; Type: TABLE DATA; Schema: public; Owner: 2roots_user
--

COPY public.auth_group (id, name) FROM stdin;
\.


--
-- Data for Name: auth_group_permissions; Type: TABLE DATA; Schema: public; Owner: 2roots_user
--

COPY public.auth_group_permissions (id, group_id, permission_id) FROM stdin;
\.


--
-- Data for Name: auth_permission; Type: TABLE DATA; Schema: public; Owner: 2roots_user
--

COPY public.auth_permission (id, name, content_type_id, codename) FROM stdin;
1	Can add log entry	1	add_logentry
2	Can change log entry	1	change_logentry
3	Can delete log entry	1	delete_logentry
4	Can view log entry	1	view_logentry
5	Can add permission	2	add_permission
6	Can change permission	2	change_permission
7	Can delete permission	2	delete_permission
8	Can view permission	2	view_permission
9	Can add group	3	add_group
10	Can change group	3	change_group
11	Can delete group	3	delete_group
12	Can view group	3	view_group
13	Can add content type	4	add_contenttype
14	Can change content type	4	change_contenttype
15	Can delete content type	4	delete_contenttype
16	Can view content type	4	view_contenttype
17	Can add session	5	add_session
18	Can change session	5	change_session
19	Can delete session	5	delete_session
20	Can view session	5	view_session
21	Can add blacklisted token	6	add_blacklistedtoken
22	Can change blacklisted token	6	change_blacklistedtoken
23	Can delete blacklisted token	6	delete_blacklistedtoken
24	Can view blacklisted token	6	view_blacklistedtoken
25	Can add outstanding token	7	add_outstandingtoken
26	Can change outstanding token	7	change_outstandingtoken
27	Can delete outstanding token	7	delete_outstandingtoken
28	Can view outstanding token	7	view_outstandingtoken
29	Can add user	8	add_user
30	Can change user	8	change_user
31	Can delete user	8	delete_user
32	Can view user	8	view_user
33	Can add customer profile	9	add_customerprofile
34	Can change customer profile	9	change_customerprofile
35	Can delete customer profile	9	delete_customerprofile
36	Can view customer profile	9	view_customerprofile
37	Can add customer account	10	add_customeraccount
38	Can change customer account	10	change_customeraccount
39	Can delete customer account	10	delete_customeraccount
40	Can view customer account	10	view_customeraccount
41	Can add category	11	add_category
42	Can change category	11	change_category
43	Can delete category	11	delete_category
44	Can view category	11	view_category
45	Can add product	12	add_product
46	Can change product	12	change_product
47	Can delete product	12	delete_product
48	Can view product	12	view_product
49	Can add product variant	13	add_productvariant
50	Can change product variant	13	change_productvariant
51	Can delete product variant	13	delete_productvariant
52	Can view product variant	13	view_productvariant
53	Can add stock	14	add_stock
54	Can change stock	14	change_stock
55	Can delete stock	14	delete_stock
56	Can view stock	14	view_stock
57	Can add product image	15	add_productimage
58	Can change product image	15	change_productimage
59	Can delete product image	15	delete_productimage
60	Can view product image	15	view_productimage
61	Can add product color	16	add_productcolor
62	Can change product color	16	change_productcolor
63	Can delete product color	16	delete_productcolor
64	Can view product color	16	view_productcolor
65	Can add product size	17	add_productsize
66	Can change product size	17	change_productsize
67	Can delete product size	17	delete_productsize
68	Can view product size	17	view_productsize
69	Can add order	18	add_order
70	Can change order	18	change_order
71	Can delete order	18	delete_order
72	Can view order	18	view_order
73	Can add order status history	19	add_orderstatushistory
74	Can change order status history	19	change_orderstatushistory
75	Can delete order status history	19	delete_orderstatushistory
76	Can view order status history	19	view_orderstatushistory
77	Can add order item	20	add_orderitem
78	Can change order item	20	change_orderitem
79	Can delete order item	20	delete_orderitem
80	Can view order item	20	view_orderitem
81	Can add shipping region	21	add_shippingregion
82	Can change shipping region	21	change_shippingregion
83	Can delete shipping region	21	delete_shippingregion
84	Can view shipping region	21	view_shippingregion
85	Can add cart	22	add_cart
86	Can change cart	22	change_cart
87	Can delete cart	22	delete_cart
88	Can view cart	22	view_cart
89	Can add cart item	23	add_cartitem
90	Can change cart item	23	change_cartitem
91	Can delete cart item	23	delete_cartitem
92	Can view cart item	23	view_cartitem
93	Can add invoice	24	add_invoice
94	Can change invoice	24	change_invoice
95	Can delete invoice	24	delete_invoice
96	Can view invoice	24	view_invoice
97	Can add invoice item	25	add_invoiceitem
98	Can change invoice item	25	change_invoiceitem
99	Can delete invoice item	25	delete_invoiceitem
100	Can view invoice item	25	view_invoiceitem
101	Can add Team Reward	26	add_teamreward
102	Can change Team Reward	26	change_teamreward
103	Can delete Team Reward	26	delete_teamreward
104	Can view Team Reward	26	view_teamreward
105	Can add Marketer Product Price	27	add_marketerproductprice
106	Can change Marketer Product Price	27	change_marketerproductprice
107	Can delete Marketer Product Price	27	delete_marketerproductprice
108	Can view Marketer Product Price	27	view_marketerproductprice
109	Can add Team Leader Request Member	28	add_teamleaderrequestmember
110	Can change Team Leader Request Member	28	change_teamleaderrequestmember
111	Can delete Team Leader Request Member	28	delete_teamleaderrequestmember
112	Can view Team Leader Request Member	28	view_teamleaderrequestmember
113	Can add Withdrawal Request	29	add_withdrawalrequest
114	Can change Withdrawal Request	29	change_withdrawalrequest
115	Can delete Withdrawal Request	29	delete_withdrawalrequest
116	Can view Withdrawal Request	29	view_withdrawalrequest
117	Can add Reward Tier	30	add_rewardtier
118	Can change Reward Tier	30	change_rewardtier
119	Can delete Reward Tier	30	delete_rewardtier
120	Can view Reward Tier	30	view_rewardtier
121	Can add Marketer Order	31	add_marketerorder
122	Can change Marketer Order	31	change_marketerorder
123	Can delete Marketer Order	31	delete_marketerorder
124	Can view Marketer Order	31	view_marketerorder
125	Can add Team Leader Request	32	add_teamleaderrequest
126	Can change Team Leader Request	32	change_teamleaderrequest
127	Can delete Team Leader Request	32	delete_teamleaderrequest
128	Can view Team Leader Request	32	view_teamleaderrequest
129	Can add Marketer	33	add_marketer
130	Can change Marketer	33	change_marketer
131	Can delete Marketer	33	delete_marketer
132	Can view Marketer	33	view_marketer
\.


--
-- Data for Name: cart_cart; Type: TABLE DATA; Schema: public; Owner: 2roots_user
--

COPY public.cart_cart (id, session_key, created_at, updated_at, user_id) FROM stdin;
1	\N	2026-06-11 23:16:22.724131+00	2026-06-11 23:16:22.724153+00	1
2	\N	2026-06-27 23:05:17.533116+00	2026-06-27 23:05:17.533129+00	2
\.


--
-- Data for Name: cart_cartitem; Type: TABLE DATA; Schema: public; Owner: 2roots_user
--

COPY public.cart_cartitem (id, quantity, added_at, cart_id, variant_id) FROM stdin;
\.


--
-- Data for Name: django_admin_log; Type: TABLE DATA; Schema: public; Owner: 2roots_user
--

COPY public.django_admin_log (id, action_time, object_id, object_repr, action_flag, change_message, content_type_id, user_id) FROM stdin;
1	2026-06-11 23:20:23.494962+00	1	2roots2store@gmail.com	2	[{"changed": {"fields": ["Role"]}}]	8	1
2	2026-06-27 23:08:30.081745+00	2	ahmedibrahim01122232957@gmail.com	2	[{"changed": {"fields": ["Role"]}}]	8	1
3	2026-06-27 23:15:15.443875+00	1	Marketer(2roots2store@gmail.com) — marketer — active	1	[{"added": {}}]	33	1
4	2026-06-27 23:15:33.956703+00	1	TLRequest#1 | 2roots2store@gmail.com | completed	1	[{"added": {}}]	32	1
5	2026-06-27 23:16:10.028067+00	2	Marketer(ahmedibrahim01122232957@gmail.com) — marketer — active	1	[{"added": {}}]	33	1
\.


--
-- Data for Name: django_content_type; Type: TABLE DATA; Schema: public; Owner: 2roots_user
--

COPY public.django_content_type (id, app_label, model) FROM stdin;
1	admin	logentry
2	auth	permission
3	auth	group
4	contenttypes	contenttype
5	sessions	session
6	token_blacklist	blacklistedtoken
7	token_blacklist	outstandingtoken
8	users	user
9	users	customerprofile
10	users	customeraccount
11	products	category
12	products	product
13	products	productvariant
14	products	stock
15	products	productimage
16	products	productcolor
17	products	productsize
18	orders	order
19	orders	orderstatushistory
20	orders	orderitem
21	orders	shippingregion
22	cart	cart
23	cart	cartitem
24	invoices	invoice
25	invoices	invoiceitem
26	marketers	teamreward
27	marketers	marketerproductprice
28	marketers	teamleaderrequestmember
29	marketers	withdrawalrequest
30	marketers	rewardtier
31	marketers	marketerorder
32	marketers	teamleaderrequest
33	marketers	marketer
\.


--
-- Data for Name: django_migrations; Type: TABLE DATA; Schema: public; Owner: 2roots_user
--

COPY public.django_migrations (id, app, name, applied) FROM stdin;
1	contenttypes	0001_initial	2026-06-11 23:15:35.644845+00
2	contenttypes	0002_remove_content_type_name	2026-06-11 23:15:35.657534+00
3	auth	0001_initial	2026-06-11 23:15:35.848573+00
4	auth	0002_alter_permission_name_max_length	2026-06-11 23:15:35.857086+00
5	auth	0003_alter_user_email_max_length	2026-06-11 23:15:35.862671+00
6	auth	0004_alter_user_username_opts	2026-06-11 23:15:35.869103+00
7	auth	0005_alter_user_last_login_null	2026-06-11 23:15:35.880007+00
8	auth	0006_require_contenttypes_0002	2026-06-11 23:15:35.883359+00
9	auth	0007_alter_validators_add_error_messages	2026-06-11 23:15:35.893743+00
10	auth	0008_alter_user_username_max_length	2026-06-11 23:15:35.900741+00
11	auth	0009_alter_user_last_name_max_length	2026-06-11 23:15:35.909544+00
12	auth	0010_alter_group_name_max_length	2026-06-11 23:15:35.916454+00
13	auth	0011_update_proxy_permissions	2026-06-11 23:15:35.924436+00
14	auth	0012_alter_user_first_name_max_length	2026-06-11 23:15:35.931434+00
15	users	0001_initial	2026-06-11 23:15:36.04447+00
16	admin	0001_initial	2026-06-11 23:15:36.086599+00
17	admin	0002_logentry_remove_auto_add	2026-06-11 23:15:36.095042+00
18	admin	0003_logentry_add_action_flag_choices	2026-06-11 23:15:36.102573+00
19	products	0001_initial	2026-06-11 23:15:36.240174+00
20	cart	0001_initial	2026-06-11 23:15:36.34809+00
21	orders	0001_initial	2026-06-11 23:15:36.460366+00
22	invoices	0001_initial	2026-06-11 23:15:36.543371+00
23	invoices	0002_invoice_shipping	2026-06-11 23:15:36.552736+00
24	invoices	0003_update_invoice_status_choices	2026-06-11 23:15:36.563739+00
25	users	0002_customerprofile	2026-06-11 23:15:36.609491+00
26	users	0003_customeraccount	2026-06-11 23:15:36.642148+00
27	orders	0002_shippingregion_order_shipping_fields	2026-06-11 23:15:36.704025+00
28	orders	0003_order_shipping_email	2026-06-11 23:15:36.719999+00
29	orders	0004_order_customer_account	2026-06-11 23:15:36.747008+00
30	products	0002_productcolor_productsize_alter_productimage_options_and_more	2026-06-11 23:15:36.911897+00
31	products	0003_seed_variant_product	2026-06-11 23:15:36.976584+00
32	products	0004_product_discount_soldout	2026-06-11 23:15:37.021038+00
33	sessions	0001_initial	2026-06-11 23:15:37.063781+00
34	token_blacklist	0001_initial	2026-06-11 23:15:37.145027+00
35	token_blacklist	0002_outstandingtoken_jti_hex	2026-06-11 23:15:37.158503+00
36	token_blacklist	0003_auto_20171017_2007	2026-06-11 23:15:37.180748+00
37	token_blacklist	0004_auto_20171017_2013	2026-06-11 23:15:37.203707+00
38	token_blacklist	0005_remove_outstandingtoken_jti	2026-06-11 23:15:37.21712+00
39	token_blacklist	0006_auto_20171017_2113	2026-06-11 23:15:37.23135+00
40	token_blacklist	0007_auto_20171017_2214	2026-06-11 23:15:37.267887+00
41	token_blacklist	0008_migrate_to_bigautofield	2026-06-11 23:15:37.346688+00
42	token_blacklist	0010_fix_migrate_to_bigautofield	2026-06-11 23:15:37.372791+00
43	token_blacklist	0011_linearizes_history	2026-06-11 23:15:37.376815+00
44	token_blacklist	0012_alter_outstandingtoken_user	2026-06-11 23:15:37.39894+00
45	users	0004_alter_user_role	2026-06-21 04:49:37.033523+00
46	marketers	0001_initial	2026-06-21 04:49:47.85238+00
47	marketers	0002_alter_teamreward_marketer	2026-06-21 04:49:47.876154+00
48	marketers	0003_withdrawalrequest_is_forced_settlement	2026-06-24 02:21:02.385718+00
49	marketers	0004_marketerorder_variant	2026-06-30 02:58:08.08557+00
\.


--
-- Data for Name: django_session; Type: TABLE DATA; Schema: public; Owner: 2roots_user
--

COPY public.django_session (session_key, session_data, expire_date) FROM stdin;
07y7kosb7g99el9fe8wl1967cevyb1u9	.eJxVjDsOwjAQBe_iGln-rH-U9JzBWnsdHEC2FCcV4u4QKQW0b2bei0Xc1hq3UZY4EzszyU6_W8L8KG0HdMd26zz3ti5z4rvCDzr4tVN5Xg7376DiqN8aPeQsBdmkQVppVBDkPdiCDih4YSZnJWpTpCaX1ISgTCDIaEqyKRv2_gDIxzed:1wXogu:GJcNz7KMuihr3C8_1AEfPuXRbDFhwvZ6hzGOcNZxAts	2026-06-25 23:20:04.306049+00
7gjkgg6dmq1hwpa3z47vxfuguz7jpjna	.eJxVjDsOwjAQBe_iGln-rH-U9JzBWnsdHEC2FCcV4u4QKQW0b2bei0Xc1hq3UZY4EzszyU6_W8L8KG0HdMd26zz3ti5z4rvCDzr4tVN5Xg7376DiqN8aPeQsBdmkQVppVBDkPdiCDih4YSZnJWpTpCaX1ISgTCDIaEqyKRv2_gDIxzed:1wdc86:51BQyTPnqLfsRC7yY_dsQ32O78pXUuHEnky7DiHhF0o	2026-07-11 23:08:06.542885+00
\.


--
-- Data for Name: invoices_invoice; Type: TABLE DATA; Schema: public; Owner: 2roots_user
--

COPY public.invoices_invoice (id, invoice_number, status, customer_name, customer_phone, customer_address, customer_email, subtotal, discount, tax, total, notes, issued_at, created_at, updated_at, order_id, shipping) FROM stdin;
1	INV-2026-00001	draft	احمد ابراهيم	01029102507	ismailia	2roots2store@gmail.com	500.01	0.00	0.00	570.01		\N	2026-06-14 01:30:10.68276+00	2026-06-14 01:30:10.682776+00	1	70.00
2	INV-2026-00002	draft	AHMED IBRAHIM	01029102507	ISMAILIA	2roots2store@gmail.com	998.00	0.00	0.00	1068.00		\N	2026-06-15 01:18:17.843321+00	2026-06-15 01:18:17.843338+00	2	70.00
3	INV-2026-00003	draft	Creativity Code	01029102507	ISMAILIA	2roots2store@gmail.com	499.00	0.00	0.00	569.00		\N	2026-06-15 01:38:56.344+00	2026-06-15 01:38:56.344017+00	3	70.00
4	INV-2026-00004	draft	Creativity Code	01029102507	الاسماعيلية	2roots2store@gmail.com	499.00	0.00	0.00	569.00		\N	2026-06-15 01:53:58.807082+00	2026-06-15 01:53:58.80709+00	4	70.00
5	INV-2026-00005	draft	Creativity Code	01029102507	الاسماعيلية	2roots2store@gmail.com	499.00	0.00	0.00	569.00		\N	2026-06-15 01:59:13.73909+00	2026-06-15 01:59:13.739109+00	5	70.00
6	INV-2026-00006	draft	Creativity Code	01029102507	الاسماعيلية	2roots2store@gmail.com	499.00	0.00	0.00	569.00		\N	2026-06-15 02:54:49.231397+00	2026-06-15 02:54:49.231431+00	6	70.00
\.


--
-- Data for Name: invoices_invoiceitem; Type: TABLE DATA; Schema: public; Owner: 2roots_user
--

COPY public.invoices_invoiceitem (id, product_name, variant_name, unit_price, quantity, invoice_id) FROM stdin;
1	LOYALTY 2 ROOTS	Default	500.01	1	1
2	2ROOTS TREE	BLACK / M	499.00	1	2
3	2ROOTS TREE	WHITE / L	499.00	1	2
4	2ROOTS TREE	WHITE / XL	499.00	1	3
5	2ROOTS TREE	BLACK / XXL	499.00	1	4
6	2ROOTS TREE	WHITE / XL	499.00	1	5
7	2ROOTS TREE	BLACK / M	499.00	1	6
\.


--
-- Data for Name: marketers_marketer; Type: TABLE DATA; Schema: public; Owner: 2roots_user
--

COPY public.marketers_marketer (id, referral_code, status, role, cycle_anchor_date, current_cycle_number, monthly_completed_orders_count, monthly_profit_balance, lifetime_total_orders, lifetime_total_profit, created_at, promoted_to_leader_at, user_id, team_leader_id, credited_team_leader_id) FROM stdin;
1	F5EFFA68	active	marketer	2026-06-28	0	0	0.00	0	0.00	2026-06-27 23:15:15.440441+00	\N	1	\N	\N
3	AE5820FF	active	marketer	2026-06-28	0	0	0.00	0	0.00	2026-06-28 06:29:23.380114+00	\N	4	\N	\N
2	3FD62E02	active	marketer	2026-06-28	0	3	459.87	3	459.87	2026-06-27 23:16:10.026824+00	\N	2	1	\N
\.


--
-- Data for Name: marketers_marketerorder; Type: TABLE DATA; Schema: public; Owner: 2roots_user
--

COPY public.marketers_marketerorder (id, quantity, sale_price_per_unit, assigned_price_per_unit, profit_amount, customer_name, customer_phone, status, is_counted, counted_in_cycle_number, created_at, confirmed_at, marketer_id, product_id, counted_towards_leader_id, variant_id) FROM stdin;
3	1	600.00	430.00	170.00	احمد ابراهيم	01272615244	confirmed	t	0	2026-06-30 03:00:13.226408+00	2026-06-30 03:01:51.337054+00	2	2	1	\N
2	1	599.87	430.00	169.87	احمد ابراهيم	01272615244	confirmed	t	0	2026-06-30 02:59:17.11969+00	2026-06-30 03:01:53.812404+00	2	3	1	8
1	1	550.00	430.00	120.00	احمدابراهيم	01029102507	confirmed	t	0	2026-06-28 07:52:35.228122+00	2026-06-30 03:01:55.119333+00	2	2	1	\N
\.


--
-- Data for Name: marketers_marketerproductprice; Type: TABLE DATA; Schema: public; Owner: 2roots_user
--

COPY public.marketers_marketerproductprice (id, assigned_price, updated_at, marketer_id, product_id) FROM stdin;
1	430.00	2026-06-28 06:33:54.763584+00	3	2
2	430.00	2026-06-28 06:35:00.039277+00	1	2
3	430.00	2026-06-28 07:51:46.483311+00	2	2
4	430.00	2026-06-30 02:51:14.434103+00	2	3
\.


--
-- Data for Name: marketers_rewardtier; Type: TABLE DATA; Schema: public; Owner: 2roots_user
--

COPY public.marketers_rewardtier (id, min_team_sales, reward_amount, is_active) FROM stdin;
\.


--
-- Data for Name: marketers_teamleaderrequest; Type: TABLE DATA; Schema: public; Owner: 2roots_user
--

COPY public.marketers_teamleaderrequest (id, status, triggered_at, responded_at, marketer_id) FROM stdin;
1	completed	2026-06-27 23:14:50+00	\N	1
\.


--
-- Data for Name: marketers_teamleaderrequestmember; Type: TABLE DATA; Schema: public; Owner: 2roots_user
--

COPY public.marketers_teamleaderrequestmember (id, request_id, marketer_id) FROM stdin;
\.


--
-- Data for Name: marketers_teamreward; Type: TABLE DATA; Schema: public; Owner: 2roots_user
--

COPY public.marketers_teamreward (id, cycle_number, team_sales_count_at_award, reward_amount, status, created_at, marketer_id, tier_id) FROM stdin;
\.


--
-- Data for Name: marketers_withdrawalrequest; Type: TABLE DATA; Schema: public; Owner: 2roots_user
--

COPY public.marketers_withdrawalrequest (id, amount, status, cycle_number, created_at, resolved_at, marketer_id, is_forced_settlement) FROM stdin;
\.


--
-- Data for Name: orders_order; Type: TABLE DATA; Schema: public; Owner: 2roots_user
--

COPY public.orders_order (id, shipping_name, shipping_phone, shipping_address, status, notes, total, created_at, updated_at, customer_id, shipping_fee, shipping_region, shipping_email, customer_account_id) FROM stdin;
1	احمد ابراهيم	01029102507	ismailia	pending	11	570.01	2026-06-14 01:30:10.645731+00	2026-06-14 01:30:10.645752+00	1	70.00	الاسماعيلية	creativitycode21@gmail.com	1
2	AHMED IBRAHIM	01029102507	ISMAILIA	pending	MMM	1068.00	2026-06-15 01:18:17.82765+00	2026-06-15 01:18:17.827666+00	1	70.00	الاسماعيلية	creativitycode21@gmail.com	1
3	Creativity Code	01029102507	ISMAILIA	pending	LL	569.00	2026-06-15 01:38:56.333464+00	2026-06-15 01:38:56.333487+00	1	70.00	الاسماعيلية	creativitycode21@gmail.com	1
4	Creativity Code	01029102507	الاسماعيلية	pending	فل	569.00	2026-06-15 01:53:58.793313+00	2026-06-15 01:53:58.793349+00	1	70.00	الاسماعيلية	creativitycode21@gmail.com	1
5	Creativity Code	01029102507	الاسماعيلية	pending	الاسماعيليه	569.00	2026-06-15 01:59:13.728538+00	2026-06-15 01:59:13.728559+00	1	70.00	الاسماعيلية	creativitycode21@gmail.com	1
6	Creativity Code	01029102507	الاسماعيلية	pending	55	569.00	2026-06-15 02:54:49.212661+00	2026-06-15 02:54:49.212678+00	1	70.00	الاسماعيلية	creativitycode21@gmail.com	1
\.


--
-- Data for Name: orders_orderitem; Type: TABLE DATA; Schema: public; Owner: 2roots_user
--

COPY public.orders_orderitem (id, product_name, variant_name, price_at_order, quantity, order_id, variant_id) FROM stdin;
1	LOYALTY 2 ROOTS	Default	500.01	1	1	5
2	2ROOTS TREE	BLACK / M	499.00	1	2	6
3	2ROOTS TREE	WHITE / L	499.00	1	2	11
4	2ROOTS TREE	WHITE / XL	499.00	1	3	12
5	2ROOTS TREE	BLACK / XXL	499.00	1	4	9
6	2ROOTS TREE	WHITE / XL	499.00	1	5	12
7	2ROOTS TREE	BLACK / M	499.00	1	6	6
\.


--
-- Data for Name: orders_orderstatushistory; Type: TABLE DATA; Schema: public; Owner: 2roots_user
--

COPY public.orders_orderstatushistory (id, old_status, new_status, note, changed_at, changed_by_id, order_id) FROM stdin;
\.


--
-- Data for Name: orders_shippingregion; Type: TABLE DATA; Schema: public; Owner: 2roots_user
--

COPY public.orders_shippingregion (id, name, price, created_at, updated_at) FROM stdin;
1	الاسماعيلية	70.00	2026-06-14 01:13:07.937208+00	2026-06-14 01:13:07.93724+00
\.


--
-- Data for Name: products_category; Type: TABLE DATA; Schema: public; Owner: 2roots_user
--

COPY public.products_category (id, name, slug, description, image, is_active, created_at, parent_id) FROM stdin;
1	Variant Samples	variant-samples	Seed products with color and size variants.	categories/Minimalist_bare_tree_illustration_202606082201.jpeg	t	2026-06-11 23:15:36.931265+00	\N
2	2 ROOTS TESHIRT	2-roots-teshirt		categories/Minimalist_bare_tree_illustration_202606082201_F48W3Mm.jpeg	t	2026-06-13 23:42:27.090658+00	\N
\.


--
-- Data for Name: products_product; Type: TABLE DATA; Schema: public; Owner: 2roots_user
--

COPY public.products_product (id, name, slug, description, base_price, is_active, is_featured, created_at, updated_at, category_id, has_variants, stock_status, discount_type, discount_value, discount_start, discount_end, discount_active) FROM stdin;
2	LOYALTY 2 ROOTS	loyalty-2-roots	LOYALTY 2 ROOTS	700.00	t	f	2026-06-13 23:43:43.734493+00	2026-06-14 00:07:46.532222+00	2	f	in_stock	fixed	199.99	\N	\N	t
3	2ROOTS TREE	2roots-tree	2ROOTS TREE	700.00	t	f	2026-06-15 00:55:59.437967+00	2026-06-15 00:55:59.437987+00	2	t	in_stock	fixed	201.00	\N	\N	t
\.


--
-- Data for Name: products_productcolor; Type: TABLE DATA; Schema: public; Owner: 2roots_user
--

COPY public.products_productcolor (id, name, hex_code) FROM stdin;
1	Red	#FF0000
2	Black	#000000
3	BLACK	#000000
4	WHITE	#ebe5e5
\.


--
-- Data for Name: products_productimage; Type: TABLE DATA; Schema: public; Owner: 2roots_user
--

COPY public.products_productimage (id, image, alt_text, is_primary, "order", product_id) FROM stdin;
1	products/Models_showing_t-shirt_graphic_202606110103.jpg	Models_showing_t-shirt_graphic_202606110103.jpeg	f	0	2
2	products/Models_showing_t-shirt_graphic_202606110103_BtdXTFt.jpg	Models_showing_t-shirt_graphic_202606110103.jpeg	f	1	2
3	products/Models_showing_t-shirt_graphic_202606110103_QPmY4kZ.jpg	Models_showing_t-shirt_graphic_202606110103.jpeg	f	2	2
4	products/Models_showing_t-shirt_graphic_202606110107.jpg	Models_showing_t-shirt_graphic_202606110107.jpeg	t	3	2
5	products/Canon_EOS_R5_editorial_fashion_202606110414.jpg	Canon_EOS_R5_editorial_fashion_202606110414.jpeg	t	0	3
6	products/Canon_EOS_R5_editorial_fashion_202606110410.jpg	Canon_EOS_R5_editorial_fashion_202606110414.jpeg	f	1	3
7	products/Canon_EOS_R5_editorial_fashion_202606110408_1.jpg	Canon_EOS_R5_editorial_fashion_202606110414.jpeg	f	2	3
8	products/Hyper-realistic_fashion_editorial_photography._Two_202606110403_1.jpg	Canon_EOS_R5_editorial_fashion_202606110414.jpeg	f	3	3
9	products/Hyper-realistic_fashion_editorial_photography._Two_202606110403.jpg	Canon_EOS_R5_editorial_fashion_202606110414.jpeg	f	4	3
10	products/Hyper-realistic_product_photography_of_a_202606110236_1.jpg	Canon_EOS_R5_editorial_fashion_202606110414.jpeg	f	5	3
\.


--
-- Data for Name: products_productsize; Type: TABLE DATA; Schema: public; Owner: 2roots_user
--

COPY public.products_productsize (id, name) FROM stdin;
1	M
2	L
3	XL
4	XXL
\.


--
-- Data for Name: products_productvariant; Type: TABLE DATA; Schema: public; Owner: 2roots_user
--

COPY public.products_productvariant (id, name, sku, price_override, is_active, created_at, product_id, color_id, size_id) FROM stdin;
5	Default	LOYALTY-2-ROOTS-1781394226757	\N	t	2026-06-13 23:43:43.774593+00	2	\N	\N
6	BLACK / M	TRR-001	700.00	t	2026-06-15 00:55:59.455173+00	3	3	1
7	BLACK / L	TRR-002	700.00	t	2026-06-15 00:55:59.467005+00	3	3	2
8	BLACK / XL	TRR-003	700.00	t	2026-06-15 00:55:59.480457+00	3	3	3
9	BLACK / XXL	TRR-004	700.00	t	2026-06-15 00:55:59.490516+00	3	3	4
10	WHITE / M	TRR-005	700.00	t	2026-06-15 00:55:59.503497+00	3	4	1
11	WHITE / L	TRR-006	700.00	t	2026-06-15 00:55:59.513991+00	3	4	2
12	WHITE / XL	TRR-007	700.00	t	2026-06-15 00:55:59.522481+00	3	4	3
13	WHITE / XXL	TRR-008	700.00	t	2026-06-15 00:55:59.531239+00	3	4	4
\.


--
-- Data for Name: products_stock; Type: TABLE DATA; Schema: public; Owner: 2roots_user
--

COPY public.products_stock (id, quantity, low_stock_threshold, updated_at, variant_id) FROM stdin;
5	99	5	2026-06-14 01:30:10.722819+00	5
7	15	5	2026-06-15 00:55:59.471392+00	7
8	15	5	2026-06-15 00:55:59.484189+00	8
10	15	5	2026-06-15 00:55:59.507631+00	10
13	15	5	2026-06-15 00:55:59.536125+00	13
11	14	5	2026-06-15 01:18:17.874849+00	11
9	14	5	2026-06-15 01:53:58.842258+00	9
12	13	5	2026-06-15 01:59:13.757174+00	12
6	13	5	2026-06-15 02:54:49.252716+00	6
\.


--
-- Data for Name: token_blacklist_blacklistedtoken; Type: TABLE DATA; Schema: public; Owner: 2roots_user
--

COPY public.token_blacklist_blacklistedtoken (id, blacklisted_at, token_id) FROM stdin;
\.


--
-- Data for Name: token_blacklist_outstandingtoken; Type: TABLE DATA; Schema: public; Owner: 2roots_user
--

COPY public.token_blacklist_outstandingtoken (id, token, created_at, expires_at, user_id, jti) FROM stdin;
1	eyJhbGciOiJIUzI1NiIsInR5cCI6IkpXVCJ9.eyJ0b2tlbl90eXBlIjoicmVmcmVzaCIsImV4cCI6MTc4MTgyNTMyNiwiaWF0IjoxNzgxMjIwNTI2LCJqdGkiOiIwMTg4M2I4ZmRkMDM0MzQ4YWI3MDM3NjgyMmUwMGVjZiIsInVzZXJfaWQiOjF9.G-FwG34sQclqkBb7OjKuTE69vWAsnrkIjXJ5_N7cGNE	2026-06-11 23:28:46.958059+00	2026-06-18 23:28:46+00	1	01883b8fdd034348ab70376822e00ecf
2	eyJhbGciOiJIUzI1NiIsInR5cCI6IkpXVCJ9.eyJ0b2tlbl90eXBlIjoicmVmcmVzaCIsImV4cCI6MTc4MTk5NzI5NywiaWF0IjoxNzgxMzkyNDk3LCJqdGkiOiI0NzhiY2MxNjIzYmQ0NjM5YTU4Yzk3MmIzMWM2YTRhMyIsInVzZXJfaWQiOjF9.aYCXtncPNbG60Ku0yPg2czsTI3M7VLKOnR_hc3vsUFc	2026-06-13 23:14:57.842691+00	2026-06-20 23:14:57+00	1	478bcc1623bd4639a58c972b31c6a4a3
3	eyJhbGciOiJIUzI1NiIsInR5cCI6IkpXVCJ9.eyJ0b2tlbl90eXBlIjoicmVmcmVzaCIsImV4cCI6MTc4MzEyNTA0MSwiaWF0IjoxNzgyNTIwMjQxLCJqdGkiOiI2MGEwMDk4ODc3ODE0MDI1ODM5ZTVkODEwZGJhZGMwNyIsInVzZXJfaWQiOjF9.I-w9AFtQLQzc9Mea712-_lfR4uDw3wR8G3WRtM-X9Kc	2026-06-27 00:30:41.813067+00	2026-07-04 00:30:41+00	1	60a0098877814025839e5d810dbadc07
4	eyJhbGciOiJIUzI1NiIsInR5cCI6IkpXVCJ9.eyJ0b2tlbl90eXBlIjoicmVmcmVzaCIsImV4cCI6MTc4MzIwNjMxNywiaWF0IjoxNzgyNjAxNTE3LCJqdGkiOiIwMjY2MTE3NDM5NjE0MmQ3ODVkMTdjNjRhODJjMmE1OCIsInVzZXJfaWQiOjJ9.XVdh3IBBcMMDRYAVu-rmncfCjLOzfLGgBbHck_WoyqQ	2026-06-27 23:05:17.545533+00	2026-07-04 23:05:17+00	2	02661174396142d785d17c64a82c2a58
5	eyJhbGciOiJIUzI1NiIsInR5cCI6IkpXVCJ9.eyJ0b2tlbl90eXBlIjoicmVmcmVzaCIsImV4cCI6MTc4MzIwNjM2NCwiaWF0IjoxNzgyNjAxNTY0LCJqdGkiOiI2MjgxMDVlNzcyMmQ0MDEzOWQ2ZTFiZWYwNmEwMjdhZCIsInVzZXJfaWQiOjJ9.laSvqJc_AaCZiLpdbs0d0a-adwH-UBpTLx7aZ9DNpG4	2026-06-27 23:06:04.916224+00	2026-07-04 23:06:04+00	2	628105e7722d40139d6e1bef06a027ad
6	eyJhbGciOiJIUzI1NiIsInR5cCI6IkpXVCJ9.eyJ0b2tlbl90eXBlIjoicmVmcmVzaCIsImV4cCI6MTc4MzIwNjM3NiwiaWF0IjoxNzgyNjAxNTc2LCJqdGkiOiI3Yjc1MTE4YTAzNzU0MDY5YWM4YzIyOGYxMTI2MDgyYiIsInVzZXJfaWQiOjF9.OpqW_cqwNrQwHTcakG8_pyMb4BVA1DvWBMRpDKJigTk	2026-06-27 23:06:16.505499+00	2026-07-04 23:06:16+00	1	7b75118a03754069ac8c228f1126082b
\.


--
-- Data for Name: users_customeraccount; Type: TABLE DATA; Schema: public; Owner: 2roots_user
--

COPY public.users_customeraccount (id, name, email, phone, address, created_at, updated_at) FROM stdin;
1	احمد ابراهيم	creativitycode21@gmail.com	01029102507	ismailia	2026-06-14 01:30:10.66102+00	2026-06-14 01:30:10.661048+00
\.


--
-- Data for Name: users_customerprofile; Type: TABLE DATA; Schema: public; Owner: 2roots_user
--

COPY public.users_customerprofile (id, date_of_birth, profile_picture, notes, created_at, updated_at, user_id) FROM stdin;
1	\N			2026-06-11 23:16:22.713803+00	2026-06-11 23:16:22.713826+00	1
2	\N			2026-06-27 23:05:17.527686+00	2026-06-27 23:05:17.5277+00	2
\.


--
-- Data for Name: users_user; Type: TABLE DATA; Schema: public; Owner: 2roots_user
--

COPY public.users_user (id, password, last_login, is_superuser, username, first_name, last_name, is_staff, is_active, date_joined, email, role, phone, address, created_at) FROM stdin;
1	pbkdf2_sha256$600000$JaQIDqZxwit1FfYPisLlem$RAIy6kVDC58dnnO0MJP4AqOCSTQ/A5Nxe64j9XGchMQ=	2026-06-27 23:08:06.538264+00	t	ahmed			t	t	2026-06-11 23:16:22+00	2roots2store@gmail.com	admin			2026-06-11 23:16:22.705547+00
2	pbkdf2_sha256$600000$8X4i2ntxJgNdwkrATjLMY4$mRlGewFjUv64R6l5xCpoXR/0He0gJ2nnytkRxo5uL+U=	\N	f	ahmedibrahim			f	t	2026-06-27 23:05:19+00	ahmedibrahim01122232957@gmail.com	marketer	01029102507		2026-06-27 23:05:17.52054+00
3	pbkdf2_sha256$600000$Vto7dJSXkPeryTFci20yXO$YGp70DGUmkvqldBznXQjDmUZqSlBcXRqQan/UiQbFzU=	\N	f	creativity	creativity	code	f	t	2026-06-28 06:24:09.626708+00	creativitycode0@gmail.com	marketer			2026-06-28 06:24:10.077071+00
4	pbkdf2_sha256$600000$YYDjm3wSWOaQ29tS4lQTGh$GKa0l2z4FQ0sk9EJ5HST6coP6r+rj/J2SZ6VWF6Phtc=	\N	f	creativity111	creativity	code	f	t	2026-06-28 06:29:22.899664+00	creativitycode111222@gmail.com	marketer			2026-06-28 06:29:23.336051+00
\.


--
-- Data for Name: users_user_groups; Type: TABLE DATA; Schema: public; Owner: 2roots_user
--

COPY public.users_user_groups (id, user_id, group_id) FROM stdin;
\.


--
-- Data for Name: users_user_user_permissions; Type: TABLE DATA; Schema: public; Owner: 2roots_user
--

COPY public.users_user_user_permissions (id, user_id, permission_id) FROM stdin;
\.


--
-- Name: auth_group_id_seq; Type: SEQUENCE SET; Schema: public; Owner: 2roots_user
--

SELECT pg_catalog.setval('public.auth_group_id_seq', 1, false);


--
-- Name: auth_group_permissions_id_seq; Type: SEQUENCE SET; Schema: public; Owner: 2roots_user
--

SELECT pg_catalog.setval('public.auth_group_permissions_id_seq', 1, false);


--
-- Name: auth_permission_id_seq; Type: SEQUENCE SET; Schema: public; Owner: 2roots_user
--

SELECT pg_catalog.setval('public.auth_permission_id_seq', 132, true);


--
-- Name: cart_cart_id_seq; Type: SEQUENCE SET; Schema: public; Owner: 2roots_user
--

SELECT pg_catalog.setval('public.cart_cart_id_seq', 2, true);


--
-- Name: cart_cartitem_id_seq; Type: SEQUENCE SET; Schema: public; Owner: 2roots_user
--

SELECT pg_catalog.setval('public.cart_cartitem_id_seq', 8, true);


--
-- Name: django_admin_log_id_seq; Type: SEQUENCE SET; Schema: public; Owner: 2roots_user
--

SELECT pg_catalog.setval('public.django_admin_log_id_seq', 5, true);


--
-- Name: django_content_type_id_seq; Type: SEQUENCE SET; Schema: public; Owner: 2roots_user
--

SELECT pg_catalog.setval('public.django_content_type_id_seq', 33, true);


--
-- Name: django_migrations_id_seq; Type: SEQUENCE SET; Schema: public; Owner: 2roots_user
--

SELECT pg_catalog.setval('public.django_migrations_id_seq', 49, true);


--
-- Name: invoices_invoice_id_seq; Type: SEQUENCE SET; Schema: public; Owner: 2roots_user
--

SELECT pg_catalog.setval('public.invoices_invoice_id_seq', 6, true);


--
-- Name: invoices_invoiceitem_id_seq; Type: SEQUENCE SET; Schema: public; Owner: 2roots_user
--

SELECT pg_catalog.setval('public.invoices_invoiceitem_id_seq', 7, true);


--
-- Name: marketers_marketer_id_seq; Type: SEQUENCE SET; Schema: public; Owner: 2roots_user
--

SELECT pg_catalog.setval('public.marketers_marketer_id_seq', 3, true);


--
-- Name: marketers_marketerorder_id_seq; Type: SEQUENCE SET; Schema: public; Owner: 2roots_user
--

SELECT pg_catalog.setval('public.marketers_marketerorder_id_seq', 3, true);


--
-- Name: marketers_marketerproductprice_id_seq; Type: SEQUENCE SET; Schema: public; Owner: 2roots_user
--

SELECT pg_catalog.setval('public.marketers_marketerproductprice_id_seq', 4, true);


--
-- Name: marketers_rewardtier_id_seq; Type: SEQUENCE SET; Schema: public; Owner: 2roots_user
--

SELECT pg_catalog.setval('public.marketers_rewardtier_id_seq', 1, false);


--
-- Name: marketers_teamleaderrequest_id_seq; Type: SEQUENCE SET; Schema: public; Owner: 2roots_user
--

SELECT pg_catalog.setval('public.marketers_teamleaderrequest_id_seq', 1, true);


--
-- Name: marketers_teamleaderrequestmember_id_seq; Type: SEQUENCE SET; Schema: public; Owner: 2roots_user
--

SELECT pg_catalog.setval('public.marketers_teamleaderrequestmember_id_seq', 1, false);


--
-- Name: marketers_teamreward_id_seq; Type: SEQUENCE SET; Schema: public; Owner: 2roots_user
--

SELECT pg_catalog.setval('public.marketers_teamreward_id_seq', 1, false);


--
-- Name: marketers_withdrawalrequest_id_seq; Type: SEQUENCE SET; Schema: public; Owner: 2roots_user
--

SELECT pg_catalog.setval('public.marketers_withdrawalrequest_id_seq', 1, false);


--
-- Name: orders_order_id_seq; Type: SEQUENCE SET; Schema: public; Owner: 2roots_user
--

SELECT pg_catalog.setval('public.orders_order_id_seq', 6, true);


--
-- Name: orders_orderitem_id_seq; Type: SEQUENCE SET; Schema: public; Owner: 2roots_user
--

SELECT pg_catalog.setval('public.orders_orderitem_id_seq', 7, true);


--
-- Name: orders_orderstatushistory_id_seq; Type: SEQUENCE SET; Schema: public; Owner: 2roots_user
--

SELECT pg_catalog.setval('public.orders_orderstatushistory_id_seq', 1, false);


--
-- Name: orders_shippingregion_id_seq; Type: SEQUENCE SET; Schema: public; Owner: 2roots_user
--

SELECT pg_catalog.setval('public.orders_shippingregion_id_seq', 1, true);


--
-- Name: products_category_id_seq; Type: SEQUENCE SET; Schema: public; Owner: 2roots_user
--

SELECT pg_catalog.setval('public.products_category_id_seq', 2, true);


--
-- Name: products_product_id_seq; Type: SEQUENCE SET; Schema: public; Owner: 2roots_user
--

SELECT pg_catalog.setval('public.products_product_id_seq', 3, true);


--
-- Name: products_productcolor_id_seq; Type: SEQUENCE SET; Schema: public; Owner: 2roots_user
--

SELECT pg_catalog.setval('public.products_productcolor_id_seq', 4, true);


--
-- Name: products_productimage_id_seq; Type: SEQUENCE SET; Schema: public; Owner: 2roots_user
--

SELECT pg_catalog.setval('public.products_productimage_id_seq', 10, true);


--
-- Name: products_productsize_id_seq; Type: SEQUENCE SET; Schema: public; Owner: 2roots_user
--

SELECT pg_catalog.setval('public.products_productsize_id_seq', 4, true);


--
-- Name: products_productvariant_id_seq; Type: SEQUENCE SET; Schema: public; Owner: 2roots_user
--

SELECT pg_catalog.setval('public.products_productvariant_id_seq', 13, true);


--
-- Name: products_stock_id_seq; Type: SEQUENCE SET; Schema: public; Owner: 2roots_user
--

SELECT pg_catalog.setval('public.products_stock_id_seq', 13, true);


--
-- Name: token_blacklist_blacklistedtoken_id_seq; Type: SEQUENCE SET; Schema: public; Owner: 2roots_user
--

SELECT pg_catalog.setval('public.token_blacklist_blacklistedtoken_id_seq', 1, false);


--
-- Name: token_blacklist_outstandingtoken_id_seq; Type: SEQUENCE SET; Schema: public; Owner: 2roots_user
--

SELECT pg_catalog.setval('public.token_blacklist_outstandingtoken_id_seq', 6, true);


--
-- Name: users_customeraccount_id_seq; Type: SEQUENCE SET; Schema: public; Owner: 2roots_user
--

SELECT pg_catalog.setval('public.users_customeraccount_id_seq', 1, true);


--
-- Name: users_customerprofile_id_seq; Type: SEQUENCE SET; Schema: public; Owner: 2roots_user
--

SELECT pg_catalog.setval('public.users_customerprofile_id_seq', 2, true);


--
-- Name: users_user_groups_id_seq; Type: SEQUENCE SET; Schema: public; Owner: 2roots_user
--

SELECT pg_catalog.setval('public.users_user_groups_id_seq', 1, false);


--
-- Name: users_user_id_seq; Type: SEQUENCE SET; Schema: public; Owner: 2roots_user
--

SELECT pg_catalog.setval('public.users_user_id_seq', 4, true);


--
-- Name: users_user_user_permissions_id_seq; Type: SEQUENCE SET; Schema: public; Owner: 2roots_user
--

SELECT pg_catalog.setval('public.users_user_user_permissions_id_seq', 1, false);


--
-- Name: auth_group auth_group_name_key; Type: CONSTRAINT; Schema: public; Owner: 2roots_user
--

ALTER TABLE ONLY public.auth_group
    ADD CONSTRAINT auth_group_name_key UNIQUE (name);


--
-- Name: auth_group_permissions auth_group_permissions_group_id_permission_id_0cd325b0_uniq; Type: CONSTRAINT; Schema: public; Owner: 2roots_user
--

ALTER TABLE ONLY public.auth_group_permissions
    ADD CONSTRAINT auth_group_permissions_group_id_permission_id_0cd325b0_uniq UNIQUE (group_id, permission_id);


--
-- Name: auth_group_permissions auth_group_permissions_pkey; Type: CONSTRAINT; Schema: public; Owner: 2roots_user
--

ALTER TABLE ONLY public.auth_group_permissions
    ADD CONSTRAINT auth_group_permissions_pkey PRIMARY KEY (id);


--
-- Name: auth_group auth_group_pkey; Type: CONSTRAINT; Schema: public; Owner: 2roots_user
--

ALTER TABLE ONLY public.auth_group
    ADD CONSTRAINT auth_group_pkey PRIMARY KEY (id);


--
-- Name: auth_permission auth_permission_content_type_id_codename_01ab375a_uniq; Type: CONSTRAINT; Schema: public; Owner: 2roots_user
--

ALTER TABLE ONLY public.auth_permission
    ADD CONSTRAINT auth_permission_content_type_id_codename_01ab375a_uniq UNIQUE (content_type_id, codename);


--
-- Name: auth_permission auth_permission_pkey; Type: CONSTRAINT; Schema: public; Owner: 2roots_user
--

ALTER TABLE ONLY public.auth_permission
    ADD CONSTRAINT auth_permission_pkey PRIMARY KEY (id);


--
-- Name: cart_cart cart_cart_pkey; Type: CONSTRAINT; Schema: public; Owner: 2roots_user
--

ALTER TABLE ONLY public.cart_cart
    ADD CONSTRAINT cart_cart_pkey PRIMARY KEY (id);


--
-- Name: cart_cart cart_cart_user_id_key; Type: CONSTRAINT; Schema: public; Owner: 2roots_user
--

ALTER TABLE ONLY public.cart_cart
    ADD CONSTRAINT cart_cart_user_id_key UNIQUE (user_id);


--
-- Name: cart_cartitem cart_cartitem_cart_id_variant_id_7d797a64_uniq; Type: CONSTRAINT; Schema: public; Owner: 2roots_user
--

ALTER TABLE ONLY public.cart_cartitem
    ADD CONSTRAINT cart_cartitem_cart_id_variant_id_7d797a64_uniq UNIQUE (cart_id, variant_id);


--
-- Name: cart_cartitem cart_cartitem_pkey; Type: CONSTRAINT; Schema: public; Owner: 2roots_user
--

ALTER TABLE ONLY public.cart_cartitem
    ADD CONSTRAINT cart_cartitem_pkey PRIMARY KEY (id);


--
-- Name: django_admin_log django_admin_log_pkey; Type: CONSTRAINT; Schema: public; Owner: 2roots_user
--

ALTER TABLE ONLY public.django_admin_log
    ADD CONSTRAINT django_admin_log_pkey PRIMARY KEY (id);


--
-- Name: django_content_type django_content_type_app_label_model_76bd3d3b_uniq; Type: CONSTRAINT; Schema: public; Owner: 2roots_user
--

ALTER TABLE ONLY public.django_content_type
    ADD CONSTRAINT django_content_type_app_label_model_76bd3d3b_uniq UNIQUE (app_label, model);


--
-- Name: django_content_type django_content_type_pkey; Type: CONSTRAINT; Schema: public; Owner: 2roots_user
--

ALTER TABLE ONLY public.django_content_type
    ADD CONSTRAINT django_content_type_pkey PRIMARY KEY (id);


--
-- Name: django_migrations django_migrations_pkey; Type: CONSTRAINT; Schema: public; Owner: 2roots_user
--

ALTER TABLE ONLY public.django_migrations
    ADD CONSTRAINT django_migrations_pkey PRIMARY KEY (id);


--
-- Name: django_session django_session_pkey; Type: CONSTRAINT; Schema: public; Owner: 2roots_user
--

ALTER TABLE ONLY public.django_session
    ADD CONSTRAINT django_session_pkey PRIMARY KEY (session_key);


--
-- Name: invoices_invoice invoices_invoice_invoice_number_key; Type: CONSTRAINT; Schema: public; Owner: 2roots_user
--

ALTER TABLE ONLY public.invoices_invoice
    ADD CONSTRAINT invoices_invoice_invoice_number_key UNIQUE (invoice_number);


--
-- Name: invoices_invoice invoices_invoice_order_id_key; Type: CONSTRAINT; Schema: public; Owner: 2roots_user
--

ALTER TABLE ONLY public.invoices_invoice
    ADD CONSTRAINT invoices_invoice_order_id_key UNIQUE (order_id);


--
-- Name: invoices_invoice invoices_invoice_pkey; Type: CONSTRAINT; Schema: public; Owner: 2roots_user
--

ALTER TABLE ONLY public.invoices_invoice
    ADD CONSTRAINT invoices_invoice_pkey PRIMARY KEY (id);


--
-- Name: invoices_invoiceitem invoices_invoiceitem_pkey; Type: CONSTRAINT; Schema: public; Owner: 2roots_user
--

ALTER TABLE ONLY public.invoices_invoiceitem
    ADD CONSTRAINT invoices_invoiceitem_pkey PRIMARY KEY (id);


--
-- Name: marketers_marketer marketers_marketer_pkey; Type: CONSTRAINT; Schema: public; Owner: 2roots_user
--

ALTER TABLE ONLY public.marketers_marketer
    ADD CONSTRAINT marketers_marketer_pkey PRIMARY KEY (id);


--
-- Name: marketers_marketer marketers_marketer_referral_code_key; Type: CONSTRAINT; Schema: public; Owner: 2roots_user
--

ALTER TABLE ONLY public.marketers_marketer
    ADD CONSTRAINT marketers_marketer_referral_code_key UNIQUE (referral_code);


--
-- Name: marketers_marketer marketers_marketer_user_id_key; Type: CONSTRAINT; Schema: public; Owner: 2roots_user
--

ALTER TABLE ONLY public.marketers_marketer
    ADD CONSTRAINT marketers_marketer_user_id_key UNIQUE (user_id);


--
-- Name: marketers_marketerorder marketers_marketerorder_pkey; Type: CONSTRAINT; Schema: public; Owner: 2roots_user
--

ALTER TABLE ONLY public.marketers_marketerorder
    ADD CONSTRAINT marketers_marketerorder_pkey PRIMARY KEY (id);


--
-- Name: marketers_marketerproductprice marketers_marketerproduc_marketer_id_product_id_d2a2f5b1_uniq; Type: CONSTRAINT; Schema: public; Owner: 2roots_user
--

ALTER TABLE ONLY public.marketers_marketerproductprice
    ADD CONSTRAINT marketers_marketerproduc_marketer_id_product_id_d2a2f5b1_uniq UNIQUE (marketer_id, product_id);


--
-- Name: marketers_marketerproductprice marketers_marketerproductprice_pkey; Type: CONSTRAINT; Schema: public; Owner: 2roots_user
--

ALTER TABLE ONLY public.marketers_marketerproductprice
    ADD CONSTRAINT marketers_marketerproductprice_pkey PRIMARY KEY (id);


--
-- Name: marketers_rewardtier marketers_rewardtier_pkey; Type: CONSTRAINT; Schema: public; Owner: 2roots_user
--

ALTER TABLE ONLY public.marketers_rewardtier
    ADD CONSTRAINT marketers_rewardtier_pkey PRIMARY KEY (id);


--
-- Name: marketers_teamleaderrequestmember marketers_teamleaderrequ_request_id_marketer_id_d33ea95e_uniq; Type: CONSTRAINT; Schema: public; Owner: 2roots_user
--

ALTER TABLE ONLY public.marketers_teamleaderrequestmember
    ADD CONSTRAINT marketers_teamleaderrequ_request_id_marketer_id_d33ea95e_uniq UNIQUE (request_id, marketer_id);


--
-- Name: marketers_teamleaderrequest marketers_teamleaderrequest_pkey; Type: CONSTRAINT; Schema: public; Owner: 2roots_user
--

ALTER TABLE ONLY public.marketers_teamleaderrequest
    ADD CONSTRAINT marketers_teamleaderrequest_pkey PRIMARY KEY (id);


--
-- Name: marketers_teamleaderrequestmember marketers_teamleaderrequestmember_pkey; Type: CONSTRAINT; Schema: public; Owner: 2roots_user
--

ALTER TABLE ONLY public.marketers_teamleaderrequestmember
    ADD CONSTRAINT marketers_teamleaderrequestmember_pkey PRIMARY KEY (id);


--
-- Name: marketers_teamreward marketers_teamreward_marketer_id_tier_id_cycl_c14000bd_uniq; Type: CONSTRAINT; Schema: public; Owner: 2roots_user
--

ALTER TABLE ONLY public.marketers_teamreward
    ADD CONSTRAINT marketers_teamreward_marketer_id_tier_id_cycl_c14000bd_uniq UNIQUE (marketer_id, tier_id, cycle_number);


--
-- Name: marketers_teamreward marketers_teamreward_pkey; Type: CONSTRAINT; Schema: public; Owner: 2roots_user
--

ALTER TABLE ONLY public.marketers_teamreward
    ADD CONSTRAINT marketers_teamreward_pkey PRIMARY KEY (id);


--
-- Name: marketers_withdrawalrequest marketers_withdrawalrequest_pkey; Type: CONSTRAINT; Schema: public; Owner: 2roots_user
--

ALTER TABLE ONLY public.marketers_withdrawalrequest
    ADD CONSTRAINT marketers_withdrawalrequest_pkey PRIMARY KEY (id);


--
-- Name: orders_order orders_order_pkey; Type: CONSTRAINT; Schema: public; Owner: 2roots_user
--

ALTER TABLE ONLY public.orders_order
    ADD CONSTRAINT orders_order_pkey PRIMARY KEY (id);


--
-- Name: orders_orderitem orders_orderitem_pkey; Type: CONSTRAINT; Schema: public; Owner: 2roots_user
--

ALTER TABLE ONLY public.orders_orderitem
    ADD CONSTRAINT orders_orderitem_pkey PRIMARY KEY (id);


--
-- Name: orders_orderstatushistory orders_orderstatushistory_pkey; Type: CONSTRAINT; Schema: public; Owner: 2roots_user
--

ALTER TABLE ONLY public.orders_orderstatushistory
    ADD CONSTRAINT orders_orderstatushistory_pkey PRIMARY KEY (id);


--
-- Name: orders_shippingregion orders_shippingregion_name_key; Type: CONSTRAINT; Schema: public; Owner: 2roots_user
--

ALTER TABLE ONLY public.orders_shippingregion
    ADD CONSTRAINT orders_shippingregion_name_key UNIQUE (name);


--
-- Name: orders_shippingregion orders_shippingregion_pkey; Type: CONSTRAINT; Schema: public; Owner: 2roots_user
--

ALTER TABLE ONLY public.orders_shippingregion
    ADD CONSTRAINT orders_shippingregion_pkey PRIMARY KEY (id);


--
-- Name: products_category products_category_pkey; Type: CONSTRAINT; Schema: public; Owner: 2roots_user
--

ALTER TABLE ONLY public.products_category
    ADD CONSTRAINT products_category_pkey PRIMARY KEY (id);


--
-- Name: products_category products_category_slug_key; Type: CONSTRAINT; Schema: public; Owner: 2roots_user
--

ALTER TABLE ONLY public.products_category
    ADD CONSTRAINT products_category_slug_key UNIQUE (slug);


--
-- Name: products_product products_product_pkey; Type: CONSTRAINT; Schema: public; Owner: 2roots_user
--

ALTER TABLE ONLY public.products_product
    ADD CONSTRAINT products_product_pkey PRIMARY KEY (id);


--
-- Name: products_product products_product_slug_key; Type: CONSTRAINT; Schema: public; Owner: 2roots_user
--

ALTER TABLE ONLY public.products_product
    ADD CONSTRAINT products_product_slug_key UNIQUE (slug);


--
-- Name: products_productcolor products_productcolor_name_key; Type: CONSTRAINT; Schema: public; Owner: 2roots_user
--

ALTER TABLE ONLY public.products_productcolor
    ADD CONSTRAINT products_productcolor_name_key UNIQUE (name);


--
-- Name: products_productcolor products_productcolor_pkey; Type: CONSTRAINT; Schema: public; Owner: 2roots_user
--

ALTER TABLE ONLY public.products_productcolor
    ADD CONSTRAINT products_productcolor_pkey PRIMARY KEY (id);


--
-- Name: products_productimage products_productimage_pkey; Type: CONSTRAINT; Schema: public; Owner: 2roots_user
--

ALTER TABLE ONLY public.products_productimage
    ADD CONSTRAINT products_productimage_pkey PRIMARY KEY (id);


--
-- Name: products_productsize products_productsize_name_key; Type: CONSTRAINT; Schema: public; Owner: 2roots_user
--

ALTER TABLE ONLY public.products_productsize
    ADD CONSTRAINT products_productsize_name_key UNIQUE (name);


--
-- Name: products_productsize products_productsize_pkey; Type: CONSTRAINT; Schema: public; Owner: 2roots_user
--

ALTER TABLE ONLY public.products_productsize
    ADD CONSTRAINT products_productsize_pkey PRIMARY KEY (id);


--
-- Name: products_productvariant products_productvariant_pkey; Type: CONSTRAINT; Schema: public; Owner: 2roots_user
--

ALTER TABLE ONLY public.products_productvariant
    ADD CONSTRAINT products_productvariant_pkey PRIMARY KEY (id);


--
-- Name: products_productvariant products_productvariant_sku_key; Type: CONSTRAINT; Schema: public; Owner: 2roots_user
--

ALTER TABLE ONLY public.products_productvariant
    ADD CONSTRAINT products_productvariant_sku_key UNIQUE (sku);


--
-- Name: products_stock products_stock_pkey; Type: CONSTRAINT; Schema: public; Owner: 2roots_user
--

ALTER TABLE ONLY public.products_stock
    ADD CONSTRAINT products_stock_pkey PRIMARY KEY (id);


--
-- Name: products_stock products_stock_variant_id_key; Type: CONSTRAINT; Schema: public; Owner: 2roots_user
--

ALTER TABLE ONLY public.products_stock
    ADD CONSTRAINT products_stock_variant_id_key UNIQUE (variant_id);


--
-- Name: token_blacklist_blacklistedtoken token_blacklist_blacklistedtoken_pkey; Type: CONSTRAINT; Schema: public; Owner: 2roots_user
--

ALTER TABLE ONLY public.token_blacklist_blacklistedtoken
    ADD CONSTRAINT token_blacklist_blacklistedtoken_pkey PRIMARY KEY (id);


--
-- Name: token_blacklist_blacklistedtoken token_blacklist_blacklistedtoken_token_id_key; Type: CONSTRAINT; Schema: public; Owner: 2roots_user
--

ALTER TABLE ONLY public.token_blacklist_blacklistedtoken
    ADD CONSTRAINT token_blacklist_blacklistedtoken_token_id_key UNIQUE (token_id);


--
-- Name: token_blacklist_outstandingtoken token_blacklist_outstandingtoken_jti_hex_d9bdf6f7_uniq; Type: CONSTRAINT; Schema: public; Owner: 2roots_user
--

ALTER TABLE ONLY public.token_blacklist_outstandingtoken
    ADD CONSTRAINT token_blacklist_outstandingtoken_jti_hex_d9bdf6f7_uniq UNIQUE (jti);


--
-- Name: token_blacklist_outstandingtoken token_blacklist_outstandingtoken_pkey; Type: CONSTRAINT; Schema: public; Owner: 2roots_user
--

ALTER TABLE ONLY public.token_blacklist_outstandingtoken
    ADD CONSTRAINT token_blacklist_outstandingtoken_pkey PRIMARY KEY (id);


--
-- Name: products_productvariant unique_product_color_size_variant; Type: CONSTRAINT; Schema: public; Owner: 2roots_user
--

ALTER TABLE ONLY public.products_productvariant
    ADD CONSTRAINT unique_product_color_size_variant UNIQUE (product_id, color_id, size_id);


--
-- Name: users_customeraccount users_customeraccount_email_key; Type: CONSTRAINT; Schema: public; Owner: 2roots_user
--

ALTER TABLE ONLY public.users_customeraccount
    ADD CONSTRAINT users_customeraccount_email_key UNIQUE (email);


--
-- Name: users_customeraccount users_customeraccount_pkey; Type: CONSTRAINT; Schema: public; Owner: 2roots_user
--

ALTER TABLE ONLY public.users_customeraccount
    ADD CONSTRAINT users_customeraccount_pkey PRIMARY KEY (id);


--
-- Name: users_customerprofile users_customerprofile_pkey; Type: CONSTRAINT; Schema: public; Owner: 2roots_user
--

ALTER TABLE ONLY public.users_customerprofile
    ADD CONSTRAINT users_customerprofile_pkey PRIMARY KEY (id);


--
-- Name: users_customerprofile users_customerprofile_user_id_key; Type: CONSTRAINT; Schema: public; Owner: 2roots_user
--

ALTER TABLE ONLY public.users_customerprofile
    ADD CONSTRAINT users_customerprofile_user_id_key UNIQUE (user_id);


--
-- Name: users_user users_user_email_key; Type: CONSTRAINT; Schema: public; Owner: 2roots_user
--

ALTER TABLE ONLY public.users_user
    ADD CONSTRAINT users_user_email_key UNIQUE (email);


--
-- Name: users_user_groups users_user_groups_pkey; Type: CONSTRAINT; Schema: public; Owner: 2roots_user
--

ALTER TABLE ONLY public.users_user_groups
    ADD CONSTRAINT users_user_groups_pkey PRIMARY KEY (id);


--
-- Name: users_user_groups users_user_groups_user_id_group_id_b88eab82_uniq; Type: CONSTRAINT; Schema: public; Owner: 2roots_user
--

ALTER TABLE ONLY public.users_user_groups
    ADD CONSTRAINT users_user_groups_user_id_group_id_b88eab82_uniq UNIQUE (user_id, group_id);


--
-- Name: users_user users_user_pkey; Type: CONSTRAINT; Schema: public; Owner: 2roots_user
--

ALTER TABLE ONLY public.users_user
    ADD CONSTRAINT users_user_pkey PRIMARY KEY (id);


--
-- Name: users_user_user_permissions users_user_user_permissions_pkey; Type: CONSTRAINT; Schema: public; Owner: 2roots_user
--

ALTER TABLE ONLY public.users_user_user_permissions
    ADD CONSTRAINT users_user_user_permissions_pkey PRIMARY KEY (id);


--
-- Name: users_user_user_permissions users_user_user_permissions_user_id_permission_id_43338c45_uniq; Type: CONSTRAINT; Schema: public; Owner: 2roots_user
--

ALTER TABLE ONLY public.users_user_user_permissions
    ADD CONSTRAINT users_user_user_permissions_user_id_permission_id_43338c45_uniq UNIQUE (user_id, permission_id);


--
-- Name: users_user users_user_username_key; Type: CONSTRAINT; Schema: public; Owner: 2roots_user
--

ALTER TABLE ONLY public.users_user
    ADD CONSTRAINT users_user_username_key UNIQUE (username);


--
-- Name: auth_group_name_a6ea08ec_like; Type: INDEX; Schema: public; Owner: 2roots_user
--

CREATE INDEX auth_group_name_a6ea08ec_like ON public.auth_group USING btree (name varchar_pattern_ops);


--
-- Name: auth_group_permissions_group_id_b120cbf9; Type: INDEX; Schema: public; Owner: 2roots_user
--

CREATE INDEX auth_group_permissions_group_id_b120cbf9 ON public.auth_group_permissions USING btree (group_id);


--
-- Name: auth_group_permissions_permission_id_84c5c92e; Type: INDEX; Schema: public; Owner: 2roots_user
--

CREATE INDEX auth_group_permissions_permission_id_84c5c92e ON public.auth_group_permissions USING btree (permission_id);


--
-- Name: auth_permission_content_type_id_2f476e4b; Type: INDEX; Schema: public; Owner: 2roots_user
--

CREATE INDEX auth_permission_content_type_id_2f476e4b ON public.auth_permission USING btree (content_type_id);


--
-- Name: cart_cartitem_cart_id_370ad265; Type: INDEX; Schema: public; Owner: 2roots_user
--

CREATE INDEX cart_cartitem_cart_id_370ad265 ON public.cart_cartitem USING btree (cart_id);


--
-- Name: cart_cartitem_variant_id_69f5d8c8; Type: INDEX; Schema: public; Owner: 2roots_user
--

CREATE INDEX cart_cartitem_variant_id_69f5d8c8 ON public.cart_cartitem USING btree (variant_id);


--
-- Name: django_admin_log_content_type_id_c4bce8eb; Type: INDEX; Schema: public; Owner: 2roots_user
--

CREATE INDEX django_admin_log_content_type_id_c4bce8eb ON public.django_admin_log USING btree (content_type_id);


--
-- Name: django_admin_log_user_id_c564eba6; Type: INDEX; Schema: public; Owner: 2roots_user
--

CREATE INDEX django_admin_log_user_id_c564eba6 ON public.django_admin_log USING btree (user_id);


--
-- Name: django_session_expire_date_a5c62663; Type: INDEX; Schema: public; Owner: 2roots_user
--

CREATE INDEX django_session_expire_date_a5c62663 ON public.django_session USING btree (expire_date);


--
-- Name: django_session_session_key_c0390e0f_like; Type: INDEX; Schema: public; Owner: 2roots_user
--

CREATE INDEX django_session_session_key_c0390e0f_like ON public.django_session USING btree (session_key varchar_pattern_ops);


--
-- Name: invoices_invoice_invoice_number_69d5c6a9_like; Type: INDEX; Schema: public; Owner: 2roots_user
--

CREATE INDEX invoices_invoice_invoice_number_69d5c6a9_like ON public.invoices_invoice USING btree (invoice_number varchar_pattern_ops);


--
-- Name: invoices_invoiceitem_invoice_id_5ce05433; Type: INDEX; Schema: public; Owner: 2roots_user
--

CREATE INDEX invoices_invoiceitem_invoice_id_5ce05433 ON public.invoices_invoiceitem USING btree (invoice_id);


--
-- Name: marketers_marketer_credited_team_leader_id_f7112177; Type: INDEX; Schema: public; Owner: 2roots_user
--

CREATE INDEX marketers_marketer_credited_team_leader_id_f7112177 ON public.marketers_marketer USING btree (credited_team_leader_id);


--
-- Name: marketers_marketer_referral_code_7629f8d9_like; Type: INDEX; Schema: public; Owner: 2roots_user
--

CREATE INDEX marketers_marketer_referral_code_7629f8d9_like ON public.marketers_marketer USING btree (referral_code varchar_pattern_ops);


--
-- Name: marketers_marketer_role_9e34d342; Type: INDEX; Schema: public; Owner: 2roots_user
--

CREATE INDEX marketers_marketer_role_9e34d342 ON public.marketers_marketer USING btree (role);


--
-- Name: marketers_marketer_role_9e34d342_like; Type: INDEX; Schema: public; Owner: 2roots_user
--

CREATE INDEX marketers_marketer_role_9e34d342_like ON public.marketers_marketer USING btree (role varchar_pattern_ops);


--
-- Name: marketers_marketer_status_7f309b2b; Type: INDEX; Schema: public; Owner: 2roots_user
--

CREATE INDEX marketers_marketer_status_7f309b2b ON public.marketers_marketer USING btree (status);


--
-- Name: marketers_marketer_status_7f309b2b_like; Type: INDEX; Schema: public; Owner: 2roots_user
--

CREATE INDEX marketers_marketer_status_7f309b2b_like ON public.marketers_marketer USING btree (status varchar_pattern_ops);


--
-- Name: marketers_marketer_team_leader_id_a7848641; Type: INDEX; Schema: public; Owner: 2roots_user
--

CREATE INDEX marketers_marketer_team_leader_id_a7848641 ON public.marketers_marketer USING btree (team_leader_id);


--
-- Name: marketers_marketerorder_counted_towards_leader_id_74acd9a2; Type: INDEX; Schema: public; Owner: 2roots_user
--

CREATE INDEX marketers_marketerorder_counted_towards_leader_id_74acd9a2 ON public.marketers_marketerorder USING btree (counted_towards_leader_id);


--
-- Name: marketers_marketerorder_marketer_id_fd14392b; Type: INDEX; Schema: public; Owner: 2roots_user
--

CREATE INDEX marketers_marketerorder_marketer_id_fd14392b ON public.marketers_marketerorder USING btree (marketer_id);


--
-- Name: marketers_marketerorder_product_id_8afe4a42; Type: INDEX; Schema: public; Owner: 2roots_user
--

CREATE INDEX marketers_marketerorder_product_id_8afe4a42 ON public.marketers_marketerorder USING btree (product_id);


--
-- Name: marketers_marketerorder_status_2418cbec; Type: INDEX; Schema: public; Owner: 2roots_user
--

CREATE INDEX marketers_marketerorder_status_2418cbec ON public.marketers_marketerorder USING btree (status);


--
-- Name: marketers_marketerorder_status_2418cbec_like; Type: INDEX; Schema: public; Owner: 2roots_user
--

CREATE INDEX marketers_marketerorder_status_2418cbec_like ON public.marketers_marketerorder USING btree (status varchar_pattern_ops);


--
-- Name: marketers_marketerorder_variant_id_341991e3; Type: INDEX; Schema: public; Owner: 2roots_user
--

CREATE INDEX marketers_marketerorder_variant_id_341991e3 ON public.marketers_marketerorder USING btree (variant_id);


--
-- Name: marketers_marketerproductprice_marketer_id_9440a4b7; Type: INDEX; Schema: public; Owner: 2roots_user
--

CREATE INDEX marketers_marketerproductprice_marketer_id_9440a4b7 ON public.marketers_marketerproductprice USING btree (marketer_id);


--
-- Name: marketers_marketerproductprice_product_id_f946d901; Type: INDEX; Schema: public; Owner: 2roots_user
--

CREATE INDEX marketers_marketerproductprice_product_id_f946d901 ON public.marketers_marketerproductprice USING btree (product_id);


--
-- Name: marketers_teamleaderrequest_marketer_id_53fc33d1; Type: INDEX; Schema: public; Owner: 2roots_user
--

CREATE INDEX marketers_teamleaderrequest_marketer_id_53fc33d1 ON public.marketers_teamleaderrequest USING btree (marketer_id);


--
-- Name: marketers_teamleaderrequestmember_marketer_id_98277cd6; Type: INDEX; Schema: public; Owner: 2roots_user
--

CREATE INDEX marketers_teamleaderrequestmember_marketer_id_98277cd6 ON public.marketers_teamleaderrequestmember USING btree (marketer_id);


--
-- Name: marketers_teamleaderrequestmember_request_id_50cfe2fe; Type: INDEX; Schema: public; Owner: 2roots_user
--

CREATE INDEX marketers_teamleaderrequestmember_request_id_50cfe2fe ON public.marketers_teamleaderrequestmember USING btree (request_id);


--
-- Name: marketers_teamreward_marketer_id_b6084d89; Type: INDEX; Schema: public; Owner: 2roots_user
--

CREATE INDEX marketers_teamreward_marketer_id_b6084d89 ON public.marketers_teamreward USING btree (marketer_id);


--
-- Name: marketers_teamreward_tier_id_2f08a609; Type: INDEX; Schema: public; Owner: 2roots_user
--

CREATE INDEX marketers_teamreward_tier_id_2f08a609 ON public.marketers_teamreward USING btree (tier_id);


--
-- Name: marketers_withdrawalrequest_marketer_id_1a5469ef; Type: INDEX; Schema: public; Owner: 2roots_user
--

CREATE INDEX marketers_withdrawalrequest_marketer_id_1a5469ef ON public.marketers_withdrawalrequest USING btree (marketer_id);


--
-- Name: orders_order_customer_account_id_e7bf42be; Type: INDEX; Schema: public; Owner: 2roots_user
--

CREATE INDEX orders_order_customer_account_id_e7bf42be ON public.orders_order USING btree (customer_account_id);


--
-- Name: orders_order_customer_id_0b76f6a4; Type: INDEX; Schema: public; Owner: 2roots_user
--

CREATE INDEX orders_order_customer_id_0b76f6a4 ON public.orders_order USING btree (customer_id);


--
-- Name: orders_orderitem_order_id_fe61a34d; Type: INDEX; Schema: public; Owner: 2roots_user
--

CREATE INDEX orders_orderitem_order_id_fe61a34d ON public.orders_orderitem USING btree (order_id);


--
-- Name: orders_orderitem_variant_id_5d350ded; Type: INDEX; Schema: public; Owner: 2roots_user
--

CREATE INDEX orders_orderitem_variant_id_5d350ded ON public.orders_orderitem USING btree (variant_id);


--
-- Name: orders_orderstatushistory_changed_by_id_d823a516; Type: INDEX; Schema: public; Owner: 2roots_user
--

CREATE INDEX orders_orderstatushistory_changed_by_id_d823a516 ON public.orders_orderstatushistory USING btree (changed_by_id);


--
-- Name: orders_orderstatushistory_order_id_bf09a0e1; Type: INDEX; Schema: public; Owner: 2roots_user
--

CREATE INDEX orders_orderstatushistory_order_id_bf09a0e1 ON public.orders_orderstatushistory USING btree (order_id);


--
-- Name: orders_shippingregion_name_dfb095e9_like; Type: INDEX; Schema: public; Owner: 2roots_user
--

CREATE INDEX orders_shippingregion_name_dfb095e9_like ON public.orders_shippingregion USING btree (name varchar_pattern_ops);


--
-- Name: products_category_parent_id_3388f6c9; Type: INDEX; Schema: public; Owner: 2roots_user
--

CREATE INDEX products_category_parent_id_3388f6c9 ON public.products_category USING btree (parent_id);


--
-- Name: products_category_slug_c558efae_like; Type: INDEX; Schema: public; Owner: 2roots_user
--

CREATE INDEX products_category_slug_c558efae_like ON public.products_category USING btree (slug varchar_pattern_ops);


--
-- Name: products_product_category_id_9b594869; Type: INDEX; Schema: public; Owner: 2roots_user
--

CREATE INDEX products_product_category_id_9b594869 ON public.products_product USING btree (category_id);


--
-- Name: products_product_slug_70d3148d_like; Type: INDEX; Schema: public; Owner: 2roots_user
--

CREATE INDEX products_product_slug_70d3148d_like ON public.products_product USING btree (slug varchar_pattern_ops);


--
-- Name: products_productcolor_name_c182cf27_like; Type: INDEX; Schema: public; Owner: 2roots_user
--

CREATE INDEX products_productcolor_name_c182cf27_like ON public.products_productcolor USING btree (name varchar_pattern_ops);


--
-- Name: products_productimage_product_id_e747596a; Type: INDEX; Schema: public; Owner: 2roots_user
--

CREATE INDEX products_productimage_product_id_e747596a ON public.products_productimage USING btree (product_id);


--
-- Name: products_productsize_name_c5fc7545_like; Type: INDEX; Schema: public; Owner: 2roots_user
--

CREATE INDEX products_productsize_name_c5fc7545_like ON public.products_productsize USING btree (name varchar_pattern_ops);


--
-- Name: products_productvariant_color_id_c213fea2; Type: INDEX; Schema: public; Owner: 2roots_user
--

CREATE INDEX products_productvariant_color_id_c213fea2 ON public.products_productvariant USING btree (color_id);


--
-- Name: products_productvariant_product_id_d9c22902; Type: INDEX; Schema: public; Owner: 2roots_user
--

CREATE INDEX products_productvariant_product_id_d9c22902 ON public.products_productvariant USING btree (product_id);


--
-- Name: products_productvariant_size_id_b307fc69; Type: INDEX; Schema: public; Owner: 2roots_user
--

CREATE INDEX products_productvariant_size_id_b307fc69 ON public.products_productvariant USING btree (size_id);


--
-- Name: products_productvariant_sku_1b692018_like; Type: INDEX; Schema: public; Owner: 2roots_user
--

CREATE INDEX products_productvariant_sku_1b692018_like ON public.products_productvariant USING btree (sku varchar_pattern_ops);


--
-- Name: token_blacklist_outstandingtoken_jti_hex_d9bdf6f7_like; Type: INDEX; Schema: public; Owner: 2roots_user
--

CREATE INDEX token_blacklist_outstandingtoken_jti_hex_d9bdf6f7_like ON public.token_blacklist_outstandingtoken USING btree (jti varchar_pattern_ops);


--
-- Name: token_blacklist_outstandingtoken_user_id_83bc629a; Type: INDEX; Schema: public; Owner: 2roots_user
--

CREATE INDEX token_blacklist_outstandingtoken_user_id_83bc629a ON public.token_blacklist_outstandingtoken USING btree (user_id);


--
-- Name: users_customeraccount_email_dc21fb54_like; Type: INDEX; Schema: public; Owner: 2roots_user
--

CREATE INDEX users_customeraccount_email_dc21fb54_like ON public.users_customeraccount USING btree (email varchar_pattern_ops);


--
-- Name: users_user_email_243f6e77_like; Type: INDEX; Schema: public; Owner: 2roots_user
--

CREATE INDEX users_user_email_243f6e77_like ON public.users_user USING btree (email varchar_pattern_ops);


--
-- Name: users_user_groups_group_id_9afc8d0e; Type: INDEX; Schema: public; Owner: 2roots_user
--

CREATE INDEX users_user_groups_group_id_9afc8d0e ON public.users_user_groups USING btree (group_id);


--
-- Name: users_user_groups_user_id_5f6f5a90; Type: INDEX; Schema: public; Owner: 2roots_user
--

CREATE INDEX users_user_groups_user_id_5f6f5a90 ON public.users_user_groups USING btree (user_id);


--
-- Name: users_user_user_permissions_permission_id_0b93982e; Type: INDEX; Schema: public; Owner: 2roots_user
--

CREATE INDEX users_user_user_permissions_permission_id_0b93982e ON public.users_user_user_permissions USING btree (permission_id);


--
-- Name: users_user_user_permissions_user_id_20aca447; Type: INDEX; Schema: public; Owner: 2roots_user
--

CREATE INDEX users_user_user_permissions_user_id_20aca447 ON public.users_user_user_permissions USING btree (user_id);


--
-- Name: users_user_username_06e46fe6_like; Type: INDEX; Schema: public; Owner: 2roots_user
--

CREATE INDEX users_user_username_06e46fe6_like ON public.users_user USING btree (username varchar_pattern_ops);


--
-- Name: auth_group_permissions auth_group_permissio_permission_id_84c5c92e_fk_auth_perm; Type: FK CONSTRAINT; Schema: public; Owner: 2roots_user
--

ALTER TABLE ONLY public.auth_group_permissions
    ADD CONSTRAINT auth_group_permissio_permission_id_84c5c92e_fk_auth_perm FOREIGN KEY (permission_id) REFERENCES public.auth_permission(id) DEFERRABLE INITIALLY DEFERRED;


--
-- Name: auth_group_permissions auth_group_permissions_group_id_b120cbf9_fk_auth_group_id; Type: FK CONSTRAINT; Schema: public; Owner: 2roots_user
--

ALTER TABLE ONLY public.auth_group_permissions
    ADD CONSTRAINT auth_group_permissions_group_id_b120cbf9_fk_auth_group_id FOREIGN KEY (group_id) REFERENCES public.auth_group(id) DEFERRABLE INITIALLY DEFERRED;


--
-- Name: auth_permission auth_permission_content_type_id_2f476e4b_fk_django_co; Type: FK CONSTRAINT; Schema: public; Owner: 2roots_user
--

ALTER TABLE ONLY public.auth_permission
    ADD CONSTRAINT auth_permission_content_type_id_2f476e4b_fk_django_co FOREIGN KEY (content_type_id) REFERENCES public.django_content_type(id) DEFERRABLE INITIALLY DEFERRED;


--
-- Name: cart_cart cart_cart_user_id_9b4220b9_fk_users_user_id; Type: FK CONSTRAINT; Schema: public; Owner: 2roots_user
--

ALTER TABLE ONLY public.cart_cart
    ADD CONSTRAINT cart_cart_user_id_9b4220b9_fk_users_user_id FOREIGN KEY (user_id) REFERENCES public.users_user(id) DEFERRABLE INITIALLY DEFERRED;


--
-- Name: cart_cartitem cart_cartitem_cart_id_370ad265_fk_cart_cart_id; Type: FK CONSTRAINT; Schema: public; Owner: 2roots_user
--

ALTER TABLE ONLY public.cart_cartitem
    ADD CONSTRAINT cart_cartitem_cart_id_370ad265_fk_cart_cart_id FOREIGN KEY (cart_id) REFERENCES public.cart_cart(id) DEFERRABLE INITIALLY DEFERRED;


--
-- Name: cart_cartitem cart_cartitem_variant_id_69f5d8c8_fk_products_productvariant_id; Type: FK CONSTRAINT; Schema: public; Owner: 2roots_user
--

ALTER TABLE ONLY public.cart_cartitem
    ADD CONSTRAINT cart_cartitem_variant_id_69f5d8c8_fk_products_productvariant_id FOREIGN KEY (variant_id) REFERENCES public.products_productvariant(id) DEFERRABLE INITIALLY DEFERRED;


--
-- Name: django_admin_log django_admin_log_content_type_id_c4bce8eb_fk_django_co; Type: FK CONSTRAINT; Schema: public; Owner: 2roots_user
--

ALTER TABLE ONLY public.django_admin_log
    ADD CONSTRAINT django_admin_log_content_type_id_c4bce8eb_fk_django_co FOREIGN KEY (content_type_id) REFERENCES public.django_content_type(id) DEFERRABLE INITIALLY DEFERRED;


--
-- Name: django_admin_log django_admin_log_user_id_c564eba6_fk_users_user_id; Type: FK CONSTRAINT; Schema: public; Owner: 2roots_user
--

ALTER TABLE ONLY public.django_admin_log
    ADD CONSTRAINT django_admin_log_user_id_c564eba6_fk_users_user_id FOREIGN KEY (user_id) REFERENCES public.users_user(id) DEFERRABLE INITIALLY DEFERRED;


--
-- Name: invoices_invoice invoices_invoice_order_id_622235c3_fk_orders_order_id; Type: FK CONSTRAINT; Schema: public; Owner: 2roots_user
--

ALTER TABLE ONLY public.invoices_invoice
    ADD CONSTRAINT invoices_invoice_order_id_622235c3_fk_orders_order_id FOREIGN KEY (order_id) REFERENCES public.orders_order(id) DEFERRABLE INITIALLY DEFERRED;


--
-- Name: invoices_invoiceitem invoices_invoiceitem_invoice_id_5ce05433_fk_invoices_invoice_id; Type: FK CONSTRAINT; Schema: public; Owner: 2roots_user
--

ALTER TABLE ONLY public.invoices_invoiceitem
    ADD CONSTRAINT invoices_invoiceitem_invoice_id_5ce05433_fk_invoices_invoice_id FOREIGN KEY (invoice_id) REFERENCES public.invoices_invoice(id) DEFERRABLE INITIALLY DEFERRED;


--
-- Name: marketers_marketer marketers_marketer_credited_team_leader_f7112177_fk_marketers; Type: FK CONSTRAINT; Schema: public; Owner: 2roots_user
--

ALTER TABLE ONLY public.marketers_marketer
    ADD CONSTRAINT marketers_marketer_credited_team_leader_f7112177_fk_marketers FOREIGN KEY (credited_team_leader_id) REFERENCES public.marketers_marketer(id) DEFERRABLE INITIALLY DEFERRED;


--
-- Name: marketers_marketer marketers_marketer_team_leader_id_a7848641_fk_marketers; Type: FK CONSTRAINT; Schema: public; Owner: 2roots_user
--

ALTER TABLE ONLY public.marketers_marketer
    ADD CONSTRAINT marketers_marketer_team_leader_id_a7848641_fk_marketers FOREIGN KEY (team_leader_id) REFERENCES public.marketers_marketer(id) DEFERRABLE INITIALLY DEFERRED;


--
-- Name: marketers_marketer marketers_marketer_user_id_54af59a2_fk_users_user_id; Type: FK CONSTRAINT; Schema: public; Owner: 2roots_user
--

ALTER TABLE ONLY public.marketers_marketer
    ADD CONSTRAINT marketers_marketer_user_id_54af59a2_fk_users_user_id FOREIGN KEY (user_id) REFERENCES public.users_user(id) DEFERRABLE INITIALLY DEFERRED;


--
-- Name: marketers_marketerorder marketers_marketeror_counted_towards_lead_74acd9a2_fk_marketers; Type: FK CONSTRAINT; Schema: public; Owner: 2roots_user
--

ALTER TABLE ONLY public.marketers_marketerorder
    ADD CONSTRAINT marketers_marketeror_counted_towards_lead_74acd9a2_fk_marketers FOREIGN KEY (counted_towards_leader_id) REFERENCES public.marketers_marketer(id) DEFERRABLE INITIALLY DEFERRED;


--
-- Name: marketers_marketerorder marketers_marketeror_marketer_id_fd14392b_fk_marketers; Type: FK CONSTRAINT; Schema: public; Owner: 2roots_user
--

ALTER TABLE ONLY public.marketers_marketerorder
    ADD CONSTRAINT marketers_marketeror_marketer_id_fd14392b_fk_marketers FOREIGN KEY (marketer_id) REFERENCES public.marketers_marketer(id) DEFERRABLE INITIALLY DEFERRED;


--
-- Name: marketers_marketerorder marketers_marketeror_product_id_8afe4a42_fk_products_; Type: FK CONSTRAINT; Schema: public; Owner: 2roots_user
--

ALTER TABLE ONLY public.marketers_marketerorder
    ADD CONSTRAINT marketers_marketeror_product_id_8afe4a42_fk_products_ FOREIGN KEY (product_id) REFERENCES public.products_product(id) DEFERRABLE INITIALLY DEFERRED;


--
-- Name: marketers_marketerorder marketers_marketeror_variant_id_341991e3_fk_products_; Type: FK CONSTRAINT; Schema: public; Owner: 2roots_user
--

ALTER TABLE ONLY public.marketers_marketerorder
    ADD CONSTRAINT marketers_marketeror_variant_id_341991e3_fk_products_ FOREIGN KEY (variant_id) REFERENCES public.products_productvariant(id) DEFERRABLE INITIALLY DEFERRED;


--
-- Name: marketers_marketerproductprice marketers_marketerpr_marketer_id_9440a4b7_fk_marketers; Type: FK CONSTRAINT; Schema: public; Owner: 2roots_user
--

ALTER TABLE ONLY public.marketers_marketerproductprice
    ADD CONSTRAINT marketers_marketerpr_marketer_id_9440a4b7_fk_marketers FOREIGN KEY (marketer_id) REFERENCES public.marketers_marketer(id) DEFERRABLE INITIALLY DEFERRED;


--
-- Name: marketers_marketerproductprice marketers_marketerpr_product_id_f946d901_fk_products_; Type: FK CONSTRAINT; Schema: public; Owner: 2roots_user
--

ALTER TABLE ONLY public.marketers_marketerproductprice
    ADD CONSTRAINT marketers_marketerpr_product_id_f946d901_fk_products_ FOREIGN KEY (product_id) REFERENCES public.products_product(id) DEFERRABLE INITIALLY DEFERRED;


--
-- Name: marketers_teamleaderrequest marketers_teamleader_marketer_id_53fc33d1_fk_marketers; Type: FK CONSTRAINT; Schema: public; Owner: 2roots_user
--

ALTER TABLE ONLY public.marketers_teamleaderrequest
    ADD CONSTRAINT marketers_teamleader_marketer_id_53fc33d1_fk_marketers FOREIGN KEY (marketer_id) REFERENCES public.marketers_marketer(id) DEFERRABLE INITIALLY DEFERRED;


--
-- Name: marketers_teamleaderrequestmember marketers_teamleader_marketer_id_98277cd6_fk_marketers; Type: FK CONSTRAINT; Schema: public; Owner: 2roots_user
--

ALTER TABLE ONLY public.marketers_teamleaderrequestmember
    ADD CONSTRAINT marketers_teamleader_marketer_id_98277cd6_fk_marketers FOREIGN KEY (marketer_id) REFERENCES public.marketers_marketer(id) DEFERRABLE INITIALLY DEFERRED;


--
-- Name: marketers_teamleaderrequestmember marketers_teamleader_request_id_50cfe2fe_fk_marketers; Type: FK CONSTRAINT; Schema: public; Owner: 2roots_user
--

ALTER TABLE ONLY public.marketers_teamleaderrequestmember
    ADD CONSTRAINT marketers_teamleader_request_id_50cfe2fe_fk_marketers FOREIGN KEY (request_id) REFERENCES public.marketers_teamleaderrequest(id) DEFERRABLE INITIALLY DEFERRED;


--
-- Name: marketers_teamreward marketers_teamreward_marketer_id_b6084d89_fk_marketers; Type: FK CONSTRAINT; Schema: public; Owner: 2roots_user
--

ALTER TABLE ONLY public.marketers_teamreward
    ADD CONSTRAINT marketers_teamreward_marketer_id_b6084d89_fk_marketers FOREIGN KEY (marketer_id) REFERENCES public.marketers_marketer(id) DEFERRABLE INITIALLY DEFERRED;


--
-- Name: marketers_teamreward marketers_teamreward_tier_id_2f08a609_fk_marketers; Type: FK CONSTRAINT; Schema: public; Owner: 2roots_user
--

ALTER TABLE ONLY public.marketers_teamreward
    ADD CONSTRAINT marketers_teamreward_tier_id_2f08a609_fk_marketers FOREIGN KEY (tier_id) REFERENCES public.marketers_rewardtier(id) DEFERRABLE INITIALLY DEFERRED;


--
-- Name: marketers_withdrawalrequest marketers_withdrawal_marketer_id_1a5469ef_fk_marketers; Type: FK CONSTRAINT; Schema: public; Owner: 2roots_user
--

ALTER TABLE ONLY public.marketers_withdrawalrequest
    ADD CONSTRAINT marketers_withdrawal_marketer_id_1a5469ef_fk_marketers FOREIGN KEY (marketer_id) REFERENCES public.marketers_marketer(id) DEFERRABLE INITIALLY DEFERRED;


--
-- Name: orders_order orders_order_customer_account_id_e7bf42be_fk_users_cus; Type: FK CONSTRAINT; Schema: public; Owner: 2roots_user
--

ALTER TABLE ONLY public.orders_order
    ADD CONSTRAINT orders_order_customer_account_id_e7bf42be_fk_users_cus FOREIGN KEY (customer_account_id) REFERENCES public.users_customeraccount(id) DEFERRABLE INITIALLY DEFERRED;


--
-- Name: orders_order orders_order_customer_id_0b76f6a4_fk_users_user_id; Type: FK CONSTRAINT; Schema: public; Owner: 2roots_user
--

ALTER TABLE ONLY public.orders_order
    ADD CONSTRAINT orders_order_customer_id_0b76f6a4_fk_users_user_id FOREIGN KEY (customer_id) REFERENCES public.users_user(id) DEFERRABLE INITIALLY DEFERRED;


--
-- Name: orders_orderitem orders_orderitem_order_id_fe61a34d_fk_orders_order_id; Type: FK CONSTRAINT; Schema: public; Owner: 2roots_user
--

ALTER TABLE ONLY public.orders_orderitem
    ADD CONSTRAINT orders_orderitem_order_id_fe61a34d_fk_orders_order_id FOREIGN KEY (order_id) REFERENCES public.orders_order(id) DEFERRABLE INITIALLY DEFERRED;


--
-- Name: orders_orderitem orders_orderitem_variant_id_5d350ded_fk_products_; Type: FK CONSTRAINT; Schema: public; Owner: 2roots_user
--

ALTER TABLE ONLY public.orders_orderitem
    ADD CONSTRAINT orders_orderitem_variant_id_5d350ded_fk_products_ FOREIGN KEY (variant_id) REFERENCES public.products_productvariant(id) DEFERRABLE INITIALLY DEFERRED;


--
-- Name: orders_orderstatushistory orders_orderstatushi_changed_by_id_d823a516_fk_users_use; Type: FK CONSTRAINT; Schema: public; Owner: 2roots_user
--

ALTER TABLE ONLY public.orders_orderstatushistory
    ADD CONSTRAINT orders_orderstatushi_changed_by_id_d823a516_fk_users_use FOREIGN KEY (changed_by_id) REFERENCES public.users_user(id) DEFERRABLE INITIALLY DEFERRED;


--
-- Name: orders_orderstatushistory orders_orderstatushistory_order_id_bf09a0e1_fk_orders_order_id; Type: FK CONSTRAINT; Schema: public; Owner: 2roots_user
--

ALTER TABLE ONLY public.orders_orderstatushistory
    ADD CONSTRAINT orders_orderstatushistory_order_id_bf09a0e1_fk_orders_order_id FOREIGN KEY (order_id) REFERENCES public.orders_order(id) DEFERRABLE INITIALLY DEFERRED;


--
-- Name: products_category products_category_parent_id_3388f6c9_fk_products_category_id; Type: FK CONSTRAINT; Schema: public; Owner: 2roots_user
--

ALTER TABLE ONLY public.products_category
    ADD CONSTRAINT products_category_parent_id_3388f6c9_fk_products_category_id FOREIGN KEY (parent_id) REFERENCES public.products_category(id) DEFERRABLE INITIALLY DEFERRED;


--
-- Name: products_product products_product_category_id_9b594869_fk_products_category_id; Type: FK CONSTRAINT; Schema: public; Owner: 2roots_user
--

ALTER TABLE ONLY public.products_product
    ADD CONSTRAINT products_product_category_id_9b594869_fk_products_category_id FOREIGN KEY (category_id) REFERENCES public.products_category(id) DEFERRABLE INITIALLY DEFERRED;


--
-- Name: products_productimage products_productimag_product_id_e747596a_fk_products_; Type: FK CONSTRAINT; Schema: public; Owner: 2roots_user
--

ALTER TABLE ONLY public.products_productimage
    ADD CONSTRAINT products_productimag_product_id_e747596a_fk_products_ FOREIGN KEY (product_id) REFERENCES public.products_product(id) DEFERRABLE INITIALLY DEFERRED;


--
-- Name: products_productvariant products_productvari_color_id_c213fea2_fk_products_; Type: FK CONSTRAINT; Schema: public; Owner: 2roots_user
--

ALTER TABLE ONLY public.products_productvariant
    ADD CONSTRAINT products_productvari_color_id_c213fea2_fk_products_ FOREIGN KEY (color_id) REFERENCES public.products_productcolor(id) DEFERRABLE INITIALLY DEFERRED;


--
-- Name: products_productvariant products_productvari_product_id_d9c22902_fk_products_; Type: FK CONSTRAINT; Schema: public; Owner: 2roots_user
--

ALTER TABLE ONLY public.products_productvariant
    ADD CONSTRAINT products_productvari_product_id_d9c22902_fk_products_ FOREIGN KEY (product_id) REFERENCES public.products_product(id) DEFERRABLE INITIALLY DEFERRED;


--
-- Name: products_productvariant products_productvari_size_id_b307fc69_fk_products_; Type: FK CONSTRAINT; Schema: public; Owner: 2roots_user
--

ALTER TABLE ONLY public.products_productvariant
    ADD CONSTRAINT products_productvari_size_id_b307fc69_fk_products_ FOREIGN KEY (size_id) REFERENCES public.products_productsize(id) DEFERRABLE INITIALLY DEFERRED;


--
-- Name: products_stock products_stock_variant_id_dc51ed5d_fk_products_; Type: FK CONSTRAINT; Schema: public; Owner: 2roots_user
--

ALTER TABLE ONLY public.products_stock
    ADD CONSTRAINT products_stock_variant_id_dc51ed5d_fk_products_ FOREIGN KEY (variant_id) REFERENCES public.products_productvariant(id) DEFERRABLE INITIALLY DEFERRED;


--
-- Name: token_blacklist_blacklistedtoken token_blacklist_blacklistedtoken_token_id_3cc7fe56_fk; Type: FK CONSTRAINT; Schema: public; Owner: 2roots_user
--

ALTER TABLE ONLY public.token_blacklist_blacklistedtoken
    ADD CONSTRAINT token_blacklist_blacklistedtoken_token_id_3cc7fe56_fk FOREIGN KEY (token_id) REFERENCES public.token_blacklist_outstandingtoken(id) DEFERRABLE INITIALLY DEFERRED;


--
-- Name: token_blacklist_outstandingtoken token_blacklist_outs_user_id_83bc629a_fk_users_use; Type: FK CONSTRAINT; Schema: public; Owner: 2roots_user
--

ALTER TABLE ONLY public.token_blacklist_outstandingtoken
    ADD CONSTRAINT token_blacklist_outs_user_id_83bc629a_fk_users_use FOREIGN KEY (user_id) REFERENCES public.users_user(id) DEFERRABLE INITIALLY DEFERRED;


--
-- Name: users_customerprofile users_customerprofile_user_id_c320f1e5_fk_users_user_id; Type: FK CONSTRAINT; Schema: public; Owner: 2roots_user
--

ALTER TABLE ONLY public.users_customerprofile
    ADD CONSTRAINT users_customerprofile_user_id_c320f1e5_fk_users_user_id FOREIGN KEY (user_id) REFERENCES public.users_user(id) DEFERRABLE INITIALLY DEFERRED;


--
-- Name: users_user_groups users_user_groups_group_id_9afc8d0e_fk_auth_group_id; Type: FK CONSTRAINT; Schema: public; Owner: 2roots_user
--

ALTER TABLE ONLY public.users_user_groups
    ADD CONSTRAINT users_user_groups_group_id_9afc8d0e_fk_auth_group_id FOREIGN KEY (group_id) REFERENCES public.auth_group(id) DEFERRABLE INITIALLY DEFERRED;


--
-- Name: users_user_groups users_user_groups_user_id_5f6f5a90_fk_users_user_id; Type: FK CONSTRAINT; Schema: public; Owner: 2roots_user
--

ALTER TABLE ONLY public.users_user_groups
    ADD CONSTRAINT users_user_groups_user_id_5f6f5a90_fk_users_user_id FOREIGN KEY (user_id) REFERENCES public.users_user(id) DEFERRABLE INITIALLY DEFERRED;


--
-- Name: users_user_user_permissions users_user_user_perm_permission_id_0b93982e_fk_auth_perm; Type: FK CONSTRAINT; Schema: public; Owner: 2roots_user
--

ALTER TABLE ONLY public.users_user_user_permissions
    ADD CONSTRAINT users_user_user_perm_permission_id_0b93982e_fk_auth_perm FOREIGN KEY (permission_id) REFERENCES public.auth_permission(id) DEFERRABLE INITIALLY DEFERRED;


--
-- Name: users_user_user_permissions users_user_user_permissions_user_id_20aca447_fk_users_user_id; Type: FK CONSTRAINT; Schema: public; Owner: 2roots_user
--

ALTER TABLE ONLY public.users_user_user_permissions
    ADD CONSTRAINT users_user_user_permissions_user_id_20aca447_fk_users_user_id FOREIGN KEY (user_id) REFERENCES public.users_user(id) DEFERRABLE INITIALLY DEFERRED;


--
-- PostgreSQL database dump complete
--

\unrestrict yJ6i3c0jAxyKQaEFnCYd4fAeqaribwElkgKLw7tLshUV1B4lIqytx5jTfpOrNER

